,0
0,723
1,1132
2,1317
3,2061
4,3604
5,401
6,1074
7,2716
8,537
9,448
10,1163
11,1128
12,2841
13,2180
14,1116
15,337
16,852
17,2020
18,1056
19,271
20,2728
21,1508
22,2871
23,2619
24,1019
25,1087
26,1358
27,1011
28,1608
29,3099
30,2626
31,1801
32,779
33,733
34,447
35,1225
36,594
37,366
38,483
39,211
40,884
41,714
42,2634
43,255
44,269
45,926
46,3125
47,1703
48,322
49,1374
50,790
51,1139
52,2014
53,998
54,1213
55,2116
56,1489
57,2131
58,417
59,462
60,1047
61,616
62,870
63,1294
64,1631
65,376
66,823
67,672
68,659
69,2765
70,4290
71,504
72,3284
73,641
74,944
75,1632
76,603
77,2701
78,1320
79,600
80,2881
81,908
82,416
83,2349
84,5310
85,829
86,2142
87,237
88,3412
89,4771
90,1439
91,3091
92,2281
93,1296
94,149
95,2730
96,627
97,339
98,638
99,799
100,968
101,4743
102,2659
103,589
104,3737
105,215
106,705
107,303
108,186
109,1006
110,158
111,1697
112,954
113,2240
114,3307
115,664
116,532
117,2093
118,1583
119,1261
120,758
121,268
122,427
123,260
124,714
125,702
126,590
127,1078
128,647
129,247
130,290
131,562
132,1416
133,1039
134,395
135,153
136,1035
137,377
138,1787
139,375
140,225
141,1160
142,626
143,472
144,926
145,317
146,365
147,615
148,586
149,1742
150,2638
151,435
152,211
153,606
154,504
155,434
156,698
157,1183
158,1936
159,784
160,419
161,1696
162,459
163,303
164,342
165,216
166,315
167,1483
168,363
169,91
170,604
171,3282
172,319
173,405
174,536
175,925
176,374
177,304
178,1096
179,164
180,314
181,231
182,822
183,992
184,272
185,420
186,670
187,229
188,892
189,743
190,679
191,700
192,195
193,135
194,964
195,367
196,582
197,235
198,346
199,162
200,683
201,103
202,291
203,1445
204,633
205,542
206,224
207,449
208,621
209,290
210,732
211,961
212,163
213,1102
214,520
215,328
216,541
217,687
218,197
219,272
220,892
221,1316
222,591
223,191
224,308
225,686
226,818
227,913
228,425
229,167
230,171
231,667
232,1308
233,222
234,405
235,212
236,304
237,1786
238,171
239,438
240,485
241,244
242,657
243,110
244,198
245,915
246,600
247,645
248,343
249,474
250,1058
251,159
252,437
253,337
254,555
255,561
256,1047
257,109
258,499
259,162
260,236
261,151
262,175
263,647
264,166
265,1172
266,531
267,510
268,890
269,458
270,343
271,963
272,461
273,739
274,252
275,441
276,1500
277,607
278,452
279,414
280,278
281,135
282,124
283,437
284,358
285,791
286,552
287,792
288,1404
289,391
290,167
291,138
292,955
293,260
294,161
295,764
296,434
297,527
298,283
299,654
300,242
301,552
302,943
303,243
304,979
305,581
306,446
307,246
308,1211
309,604
310,1316
311,703
312,887
313,436
314,664
315,610
316,102
317,551
318,551
319,1544
320,318
321,591
322,157
323,314
324,450
325,197
326,848
327,245
328,277
329,445
330,219
331,377
332,212
333,1032
334,1329
335,240
336,794
337,1237
338,841
339,502
340,538
341,232
342,517
343,634
344,354
345,161
346,505
347,775
348,347
349,1026
350,488
351,592
352,587
353,212
354,696
355,318
356,536
357,173
358,160
359,419
360,289
361,730
362,868
363,559
364,208
365,213
366,983
367,360
368,176
369,358
370,167
371,304
372,664
373,276
374,398
375,95
376,116
377,282
378,250
379,225
380,138
381,657
382,253
383,172
384,203
385,673
386,620
387,251
388,330
389,1047
390,203
391,91
392,117
393,1599
394,344
395,365
396,596
397,440
398,133
399,482
400,522
401,632
402,409
403,329
404,1047
405,363
406,386
407,392
408,290
409,185
410,255
411,811
412,232
413,134
414,265
415,393
416,152
417,80
418,350
419,186
420,247
421,101
422,120
423,259
424,725
425,123
426,396
427,435
428,205
429,241
430,616
431,174
432,249
433,293
434,354
435,585
436,242
437,141
438,685
439,161
440,242
441,1129
442,523
443,972
444,196
445,308
446,147
447,155
448,353
449,114
450,232
451,717
452,77
453,1058
454,358
455,109
456,212
457,220
458,301
459,134
460,257
461,453
462,360
463,313
464,466
465,319
466,443
467,293
468,1458
469,1032
470,186
471,737
472,244
473,175
474,631
475,127
476,89
477,500
478,316
479,373
480,105
481,518
482,538
483,218
484,581
485,416
486,319
487,765
488,296
489,123
490,363
491,222
492,441
493,719
494,154
495,388
496,363
497,221
498,498
499,389
500,222
501,226
502,211
503,691
504,237
505,271
506,758
507,432
508,388
509,289
510,254
511,652
512,257
513,488
514,129
515,313
516,518
517,459
518,279
519,127
520,1619
521,180
522,653
523,500
524,300
525,258
526,248
527,721
528,219
529,696
530,292
531,254
532,140
533,1103
534,1208
535,342
536,831
537,633
538,646
539,913
540,335
541,189
542,231
543,151
544,198
545,384
546,411
547,525
548,334
549,217
550,215
551,284
552,266
553,116
554,450
555,497
556,203
557,101
558,950
559,513
560,179
561,212
562,105
563,476
564,411
565,645
566,295
567,689
568,376
569,369
570,557
571,211
572,693
573,209
574,296
575,1489
576,269
577,220
578,346
579,588
580,101
581,244
582,449
583,344
584,198
585,219
586,907
587,126
588,236
589,284
590,154
591,173
592,166
593,785
594,275
595,833
596,229
597,630
598,259
599,316
600,291
601,139
602,158
603,466
604,730
605,482
606,203
607,192
608,298
609,102
610,727
611,179
612,683
613,163
614,299
615,251
616,243
617,458
618,120
619,389
620,537
621,144
622,151
623,348
624,519
625,236
626,137
627,218
628,444
629,1275
630,120
631,1186
632,122
633,129
634,142
635,985
636,359
637,183
638,117
639,254
640,303
641,332
642,338
643,176
644,111
645,192
646,252
647,259
648,113
649,359
650,91
651,188
652,366
653,310
654,725
655,246
656,339
657,683
658,399
659,732
660,394
661,185
662,135
663,587
664,329
665,135
666,170
667,104
668,262
669,291
670,500
671,180
672,151
673,179
674,310
675,712
676,126
677,238
678,259
679,201
680,709
681,900
682,324
683,301
684,461
685,453
686,212
687,473
688,533
689,733
690,136
691,200
692,293
693,246
694,287
695,121
696,249
697,163
698,217
699,255
700,160
701,448
702,499
703,438
704,176
705,124
706,204
707,204
708,279
709,288
710,265
711,181
712,582
713,199
714,566
715,194
716,140
717,459
718,161
719,117
720,83
721,331
722,145
723,194
724,151
725,108
726,415
727,649
728,245
729,345
730,1503
731,117
732,382
733,374
734,83
735,182
736,577
737,316
738,143
739,387
740,238
741,132
742,176
743,158
744,171
745,232
746,384
747,255
748,172
749,169
750,65
751,263
752,183
753,123
754,111
755,478
756,583
757,906
758,1073
759,441
760,137
761,97
762,320
763,219
764,443
765,122
766,275
767,315
768,188
769,115
770,313
771,179
772,80
773,308
774,472
775,587
776,130
777,229
778,266
779,482
780,82
781,366
782,94
783,165
784,305
785,166
786,160
787,86
788,145
789,77
790,175
791,122
792,135
793,256
794,128
795,242
796,165
797,210
798,458
799,141
800,138
801,269
802,519
803,210
804,180
805,173
806,259
807,285
808,141
809,265
810,290
811,151
812,132
813,76
814,184
815,208
816,232
817,217
818,104
819,208
820,300
821,190
822,266
823,321
824,478
825,169
826,149
827,92
828,71
829,125
830,232
831,95
832,73
833,104
834,174
835,131
836,157
837,444
838,335
839,114
840,115
841,91
842,219
843,430
844,150
845,114
846,284
847,136
848,154
849,459
850,409
851,93
852,93
853,120
854,96
855,335
856,540
857,77
858,325
859,214
860,261
861,247
862,100
863,187
864,114
865,185
866,105
867,188
868,262
869,336
870,446
871,129
872,104
873,311
874,110
875,561
876,145
877,217
878,200
879,64
880,126
881,120
882,134
883,269
884,232
885,291
886,337
887,187
888,258
889,176
890,143
891,238
892,141
893,325
894,108
895,150
896,168
897,119
898,272
899,154
900,107
901,162
902,276
903,171
904,119
905,214
906,255
907,318
908,261
909,476
910,245
911,297
912,177
913,137
914,223
915,141
916,107
917,129
918,217
919,221
920,209
921,132
922,267
923,263
924,166
925,313
926,167
927,175
928,268
929,185
930,299
931,554
932,119
933,209
934,110
935,162
936,81
937,149
938,101
939,242
940,348
941,66
942,149
943,195
944,122
945,128
946,185
947,184
948,271
949,182
950,136
951,285
952,92
953,265
954,230
955,90
956,135
957,252
958,238
959,153
960,226
961,246
962,116
963,207
964,220
965,133
966,117
967,296
968,151
969,224
970,143
971,221
972,414
973,165
974,174
975,98
976,195
977,117
978,204
979,192
980,87
981,110
982,109
983,165
984,155
985,250
986,174
987,500
988,860
989,172
990,199
991,340
992,173
993,276
994,186
995,105
996,191
997,93
998,99
999,461
1000,156
1001,183
1002,102
1003,339
1004,159
1005,143
1006,265
1007,91
1008,325
1009,107
1010,161
1011,227
1012,173
1013,139
1014,168
1015,192
1016,223
1017,186
1018,140
1019,268
1020,217
1021,123
1022,171
1023,128
1024,221
1025,184
1026,91
1027,153
1028,231
1029,216
1030,403
1031,118
1032,380
1033,107
1034,479
1035,125
1036,295
1037,93
1038,238
1039,246
1040,119
1041,248
1042,228
1043,140
1044,123
1045,71
1046,157
1047,202
1048,168
1049,214
1050,142
1051,240
1052,81
1053,130
1054,195
1055,226
1056,100
1057,172
1058,124
1059,85
1060,239
1061,114
1062,76
1063,157
1064,110
1065,319
1066,341
1067,166
1068,355
1069,198
1070,326
1071,180
1072,91
1073,169
1074,110
1075,504
1076,156
1077,113
1078,127
1079,95
1080,142
1081,187
1082,228
1083,209
1084,109
1085,234
1086,186
1087,145
1088,119
1089,140
1090,98
1091,389
1092,175
1093,146
1094,112
1095,183
1096,128
1097,354
1098,125
1099,169
1100,207
1101,155
1102,173
1103,151
1104,84
1105,165
1106,139
1107,155
1108,184
1109,165
1110,122
1111,96
1112,181
1113,104
1114,236
1115,113
1116,262
1117,132
1118,107
1119,78
1120,105
1121,99
1122,115
1123,249
1124,184
1125,180
1126,123
1127,267
1128,127
1129,151
1130,353
1131,164
1132,190
1133,106
1134,165
1135,100
1136,137
1137,89
1138,111
1139,260
1140,127
1141,107
1142,93
1143,227
1144,159
1145,254
1146,208
1147,124
1148,201
1149,158
1150,133
1151,222
1152,113
1153,94
1154,153
1155,100
1156,159
1157,134
1158,75
1159,138
1160,185
1161,98
1162,72
1163,138
1164,192
1165,80
1166,95
1167,79
1168,122
1169,172
1170,73
1171,120
1172,62
1173,126
1174,56
1175,182
1176,195
1177,123
1178,127
1179,160
1180,188
1181,201
1182,48
1183,82
1184,265
1185,102
1186,139
1187,107
1188,85
1189,92
1190,116
1191,159
1192,114
1193,104
1194,123
1195,127
1196,138
1197,99
1198,181
1199,83
1200,87
1201,149
1202,119
1203,202
1204,143
1205,121
1206,141
1207,80
1208,312
1209,73
1210,134
1211,119
1212,211
1213,159
1214,152
1215,187
1216,86
1217,127
1218,122
1219,159
1220,121
1221,135
1222,155
1223,167
1224,126
1225,206
1226,97
1227,106
1228,138
1229,119
1230,212
1231,127
1232,127
1233,131
1234,127
1235,197
1236,302
1237,120
1238,249
1239,140
1240,110
1241,307
1242,203
1243,249
1244,141
1245,122
1246,483
1247,111
1248,174
1249,184
1250,104
1251,215
1252,171
1253,235
1254,88
1255,170
1256,132
1257,180
1258,184
1259,140
1260,163
1261,101
1262,104
1263,145
1264,104
1265,285
1266,99
1267,336
1268,144
1269,86
1270,184
1271,419
1272,143
1273,166
1274,117
1275,214
1276,80
1277,159
1278,104
1279,126
1280,130
1281,209
1282,140
1283,97
1284,208
1285,93
1286,95
1287,157
1288,101
1289,191
1290,171
1291,174
1292,88
1293,140
1294,110
1295,133
1296,189
1297,209
1298,81
1299,102
1300,78
1301,143
1302,256
1303,143
1304,127
1305,151
1306,139
1307,233
1308,179
1309,120
1310,207
1311,116
1312,119
1313,173
1314,129
1315,174
1316,196
1317,113
1318,142
1319,126
1320,144
1321,192
1322,95
1323,118
1324,220
1325,189
1326,157
1327,89
1328,89
1329,85
1330,103
1331,91
1332,217
1333,217
1334,279
1335,129
1336,136
1337,92
1338,85
1339,164
1340,107
1341,82
1342,170
1343,151
1344,108
1345,170
1346,209
1347,158
1348,105
1349,208
1350,211
1351,121
1352,163
1353,150
1354,100
1355,144
1356,143
1357,100
1358,141
1359,126
1360,139
1361,153
1362,188
1363,81
1364,263
1365,167
1366,87
1367,154
1368,164
1369,163
1370,463
1371,134
1372,108
1373,133
1374,207
1375,157
1376,229
1377,322
1378,148
1379,160
1380,139
1381,64
1382,157
1383,250
1384,153
1385,75
1386,96
1387,106
1388,179
1389,87
1390,175
1391,167
1392,221
1393,168
1394,115
1395,111
1396,108
1397,86
1398,109
1399,109
1400,107
1401,84
1402,203
1403,172
1404,103
1405,72
1406,83
1407,220
1408,128
1409,323
1410,147
1411,136
1412,159
1413,106
1414,131
1415,119
1416,114
1417,126
1418,165
1419,87
1420,120
1421,90
1422,234
1423,96
1424,100
1425,111
1426,133
1427,120
1428,123
1429,89
1430,64
1431,155
1432,276
1433,80
1434,242
1435,212
1436,199
1437,180
1438,531
1439,145
1440,116
1441,91
1442,86
1443,138
1444,94
1445,77
1446,341
1447,86
1448,139
1449,104
1450,166
1451,110
1452,133
1453,138
1454,268
1455,139
1456,181
1457,117
1458,92
1459,281
1460,94
1461,196
1462,128
1463,105
1464,137
1465,211
1466,131
1467,158
1468,105
1469,509
1470,119
1471,128
1472,70
1473,116
1474,106
1475,329
1476,118
1477,164
1478,166
1479,168
1480,112
1481,313
1482,248
1483,173
1484,141
1485,184
1486,149
1487,89
1488,170
1489,128
1490,183
1491,133
1492,134
1493,295
1494,234
1495,69
1496,352
1497,166
1498,120
1499,133
1500,232
1501,78
1502,199
1503,107
1504,108
1505,192
1506,240
1507,282
1508,137
1509,136
1510,238
1511,160
1512,110
1513,168
1514,128
1515,247
1516,163
1517,180
1518,140
1519,85
1520,123
1521,82
1522,138
1523,144
1524,204
1525,145
1526,250
1527,147
1528,119
1529,78
1530,122
1531,115
1532,225
1533,222
1534,149
1535,78
1536,121
1537,226
1538,118
1539,213
1540,129
1541,70
1542,105
1543,195
1544,142
1545,110
1546,81
1547,91
1548,288
1549,219
1550,143
1551,143
1552,101
1553,167
1554,126
1555,140
1556,72
1557,67
1558,93
1559,147
1560,129
1561,86
1562,71
1563,112
1564,109
1565,155
1566,149
1567,158
1568,115
1569,61
1570,219
1571,96
1572,106
1573,90
1574,103
1575,159
1576,112
1577,118
1578,77
1579,131
1580,207
1581,131
1582,145
1583,159
1584,113
1585,132
1586,161
1587,134
1588,81
1589,106
1590,191
1591,160
1592,66
1593,130
1594,139
1595,60
1596,164
1597,258
1598,142
1599,111
1600,166
1601,94
1602,142
1603,197
1604,101
1605,168
1606,111
1607,198
1608,105
1609,208
1610,217
1611,109
1612,99
1613,115
1614,239
1615,63
1616,130
1617,116
1618,113
1619,156
1620,315
1621,134
1622,110
1623,101
1624,117
1625,78
1626,139
1627,131
1628,129
1629,182
1630,148
1631,120
1632,169
1633,184
1634,176
1635,127
1636,132
1637,113
1638,81
1639,197
1640,155
1641,92
1642,193
1643,122
1644,102
1645,167
1646,102
1647,62
1648,85
1649,130
1650,154
1651,260
1652,343
1653,178
1654,283
1655,113
1656,238
1657,86
1658,124
1659,149
1660,88
1661,136
1662,214
1663,233
1664,84
1665,90
1666,206
1667,93
1668,59
1669,183
1670,110
1671,130
1672,100
1673,105
1674,107
1675,119
1676,204
1677,79
1678,150
1679,151
1680,82
1681,98
1682,90
1683,260
1684,139
1685,96
1686,103
1687,81
1688,147
1689,181
1690,136
1691,92
1692,128
1693,137
1694,140
1695,122
1696,139
1697,160
1698,106
1699,115
1700,137
1701,108
1702,114
1703,120
1704,148
1705,146
1706,104
1707,104
1708,143
1709,85
1710,88
1711,221
1712,78
1713,65
1714,140
1715,209
1716,120
1717,102
1718,99
1719,155
1720,156
1721,95
1722,74
1723,106
1724,110
1725,135
1726,110
1727,122
1728,80
1729,198
1730,80
1731,93
1732,204
1733,147
1734,128
1735,82
1736,76
1737,184
1738,125
1739,327
1740,159
1741,81
1742,103
1743,136
1744,101
1745,89
1746,117
1747,131
1748,85
1749,157
1750,97
1751,156
1752,124
1753,147
1754,160
1755,244
1756,163
1757,132
1758,145
1759,143
1760,183
1761,110
1762,163
1763,118
1764,92
1765,121
1766,120
1767,153
1768,77
1769,149
1770,87
1771,164
1772,133
1773,89
1774,301
1775,72
1776,188
1777,65
1778,132
1779,86
1780,74
1781,78
1782,152
1783,127
1784,105
1785,147
1786,135
1787,164
1788,180
1789,120
1790,195
1791,137
1792,174
1793,99
1794,91
1795,188
1796,78
1797,75
1798,107
1799,111
1800,109
1801,146
1802,163
1803,62
1804,103
1805,174
1806,99
1807,142
1808,137
1809,83
1810,91
1811,78
1812,96
1813,97
1814,98
1815,122
1816,114
1817,112
1818,144
1819,155
1820,104
1821,118
1822,111
1823,153
1824,188
1825,208
1826,116
1827,125
1828,113
1829,103
1830,121
1831,109
1832,70
1833,156
1834,95
1835,226
1836,77
1837,135
1838,55
1839,198
1840,144
1841,80
1842,57
1843,136
1844,51
1845,83
1846,98
1847,77
1848,197
1849,118
1850,95
1851,158
1852,203
1853,105
1854,122
1855,202
1856,147
1857,97
1858,153
1859,90
1860,144
1861,141
1862,184
1863,97
1864,168
1865,117
1866,147
1867,177
1868,96
1869,294
1870,108
1871,137
1872,180
1873,121
1874,179
1875,88
1876,87
1877,141
1878,98
1879,90
1880,164
1881,158
1882,192
1883,113
1884,70
1885,90
1886,87
1887,120
1888,95
1889,137
1890,108
1891,234
1892,154
1893,85
1894,79
1895,215
1896,189
1897,55
1898,396
1899,101
1900,116
1901,114
1902,105
1903,132
1904,134
1905,82
1906,166
1907,90
1908,112
1909,158
1910,169
1911,74
1912,145
1913,237
1914,175
1915,90
1916,99
1917,111
1918,111
1919,154
1920,76
1921,131
1922,123
1923,101
1924,186
1925,240
1926,198
1927,129
1928,155
1929,214
1930,115
1931,125
1932,159
1933,144
1934,167
1935,155
1936,96
1937,129
1938,222
1939,71
1940,102
1941,124
1942,107
1943,94
1944,123
1945,94
1946,160
1947,146
1948,77
1949,145
1950,191
1951,143
1952,126
1953,108
1954,209
1955,117
1956,149
1957,118
1958,198
1959,116
1960,175
1961,158
1962,138
1963,124
1964,92
1965,295
1966,74
1967,187
1968,140
1969,252
1970,109
1971,207
1972,148
1973,135
1974,139
1975,94
1976,122
1977,109
1978,144
1979,116
1980,97
1981,90
1982,119
1983,161
1984,124
1985,74
1986,98
1987,113
1988,64
1989,140
1990,87
1991,133
1992,135
1993,119
1994,115
1995,173
1996,173
1997,188
1998,119
1999,72
2000,112
2001,60
2002,241
2003,93
2004,119
2005,95
2006,175
2007,109
2008,117
2009,74
2010,135
2011,85
2012,199
2013,188
2014,79
2015,137
2016,148
2017,210
2018,122
2019,142
2020,81
2021,85
2022,146
2023,84
2024,91
2025,126
2026,118
2027,112
2028,133
2029,88
2030,130
2031,86
2032,151
2033,104
2034,72
2035,113
2036,115
2037,124
2038,118
2039,128
2040,80
2041,102
2042,92
2043,109
2044,132
2045,47
2046,149
2047,130
2048,108
2049,163
2050,175
2051,142
2052,143
2053,241
2054,132
2055,83
2056,90
2057,120
2058,113
2059,82
2060,114
2061,325
2062,120
2063,159
2064,106
2065,99
2066,176
2067,75
2068,109
2069,185
2070,77
2071,93
2072,175
2073,187
2074,122
2075,129
2076,132
2077,79
2078,73
2079,121
2080,89
2081,152
2082,72
2083,156
2084,84
2085,107
2086,142
2087,143
2088,150
2089,125
2090,89
2091,103
2092,179
2093,106
2094,141
2095,80
2096,148
2097,63
2098,95
2099,114
2100,69
2101,111
2102,109
2103,182
2104,122
2105,122
2106,89
2107,93
2108,115
2109,189
2110,142
2111,201
2112,92
2113,96
2114,179
2115,171
2116,145
2117,83
2118,124
2119,118
2120,79
2121,109
2122,202
2123,85
2124,112
2125,161
2126,190
2127,90
2128,66
2129,86
2130,113
2131,121
2132,170
2133,90
2134,81
2135,99
2136,69
2137,120
2138,126
2139,148
2140,210
2141,136
2142,115
2143,106
2144,130
2145,139
2146,99
2147,72
2148,107
2149,143
2150,80
2151,202
2152,148
2153,170
2154,128
2155,135
2156,88
2157,146
2158,76
2159,115
2160,158
2161,163
2162,91
2163,248
2164,64
2165,179
2166,163
2167,171
2168,126
2169,164
2170,72
2171,224
2172,153
2173,118
2174,82
2175,91
2176,81
2177,108
2178,125
2179,99
2180,123
2181,67
2182,103
2183,187
2184,125
2185,302
2186,99
2187,89
2188,117
2189,143
2190,84
2191,67
2192,146
2193,145
2194,143
2195,109
2196,100
2197,88
2198,88
2199,260
2200,115
2201,193
2202,81
2203,191
2204,112
2205,99
2206,115
2207,126
2208,301
2209,168
2210,190
2211,95
2212,201
2213,74
2214,147
2215,205
2216,140
2217,119
2218,117
2219,150
2220,329
2221,107
2222,149
2223,148
2224,79
2225,164
2226,109
2227,88
2228,144
2229,118
2230,135
2231,166
2232,123
2233,90
2234,127
2235,133
2236,129
2237,87
2238,161
2239,114
2240,107
2241,246
2242,102
2243,96
2244,96
2245,238
2246,119
2247,144
2248,90
2249,192
2250,85
2251,133
2252,83
2253,108
2254,114
2255,113
2256,109
2257,95
2258,201
2259,107
2260,108
2261,73
2262,91
2263,103
2264,92
2265,123
2266,210
2267,144
2268,85
2269,151
2270,94
2271,108
2272,79
2273,103
2274,157
2275,123
2276,119
2277,91
2278,133
2279,151
2280,171
2281,165
2282,100
2283,123
2284,113
2285,112
2286,142
2287,119
2288,152
2289,108
2290,188
2291,78
2292,121
2293,142
2294,135
2295,226
2296,91
2297,72
2298,107
2299,156
2300,61
2301,81
2302,254
2303,197
2304,96
2305,99
2306,118
2307,85
2308,143
2309,149
2310,108
2311,178
2312,98
2313,106
2314,79
2315,88
2316,186
2317,170
2318,138
2319,104
2320,59
2321,122
2322,125
2323,122
2324,134
2325,138
2326,138
2327,103
2328,153
2329,126
2330,87
2331,106
2332,85
2333,112
2334,103
2335,166
2336,120
2337,108
2338,116
2339,110
2340,93
2341,164
2342,160
2343,108
2344,151
2345,124
2346,154
2347,131
2348,150
2349,102
2350,99
2351,162
2352,59
2353,79
2354,153
2355,88
2356,142
2357,129
2358,121
2359,102
2360,115
2361,117
2362,123
2363,102
2364,118
2365,169
2366,136
2367,174
2368,126
2369,124
2370,108
2371,141
2372,162
2373,162
2374,124
2375,97
2376,159
2377,95
2378,163
2379,148
2380,184
2381,108
2382,130
2383,141
2384,168
2385,165
2386,203
2387,96
2388,253
2389,110
2390,149
2391,106
2392,95
2393,154
2394,144
2395,59
2396,150
2397,177
2398,163
2399,240
2400,85
2401,96
2402,168
2403,94
2404,131
2405,102
2406,209
2407,118
2408,145
2409,281
2410,151
2411,131
2412,89
2413,110
2414,144
2415,214
2416,105
2417,162
2418,104
2419,142
2420,141
2421,195
2422,148
2423,79
2424,73
2425,192
2426,179
2427,115
2428,101
2429,101
2430,235
2431,130
2432,85
2433,173
2434,109
2435,82
2436,109
2437,120
2438,80
2439,165
2440,122
2441,110
2442,99
2443,140
2444,77
2445,127
2446,97
2447,158
2448,251
2449,97
2450,167
2451,86
2452,140
2453,190
2454,98
2455,95
2456,134
2457,119
2458,101
2459,89
2460,100
2461,96
2462,128
2463,143
2464,162
2465,125
2466,188
2467,195
2468,135
2469,71
2470,92
2471,56
2472,118
2473,131
2474,133
2475,185
2476,154
2477,131
2478,103
2479,181
2480,142
2481,121
2482,162
2483,128
2484,151
2485,117
2486,103
2487,119
2488,200
2489,155
2490,200
2491,187
2492,96
2493,171
2494,78
2495,177
2496,80
2497,83
2498,85
2499,128
2500,107
2501,67
2502,111
2503,72
2504,125
2505,98
2506,110
2507,86
2508,81
2509,115
2510,71
2511,139
2512,175
2513,73
2514,153
2515,81
2516,66
2517,86
2518,57
2519,69
2520,97
2521,102
2522,92
2523,83
2524,92
2525,129
2526,149
2527,93
2528,172
2529,98
2530,87
2531,88
2532,90
2533,135
2534,81
2535,75
2536,63
2537,61
2538,66
2539,76
2540,64
2541,66
2542,67
2543,80
2544,114
2545,86
2546,108
2547,68
2548,72
2549,120
2550,108
2551,98
2552,159
2553,109
2554,74
2555,85
2556,70
2557,65
2558,121
2559,148
2560,88
2561,69
2562,96
2563,61
2564,76
2565,60
2566,73
2567,88
2568,59
2569,66
2570,81
2571,72
2572,92
2573,67
2574,68
2575,91
2576,71
2577,78
2578,167
2579,101
2580,80
2581,84
2582,90
2583,94
2584,128
2585,67
2586,64
2587,96
2588,85
2589,102
2590,68
2591,135
2592,93
2593,65
2594,71
2595,78
2596,85
2597,80
2598,119
2599,109
2600,80
2601,64
2602,147
2603,82
2604,74
2605,60
2606,123
2607,77
2608,73
2609,68
2610,55
2611,88
2612,93
2613,135
2614,94
2615,70
2616,74
2617,89
2618,200
2619,80
2620,186
2621,66
2622,120
2623,97
2624,177
2625,100
2626,60
2627,66
2628,81
2629,64
2630,64
2631,85
2632,69
2633,89
2634,140
2635,125
2636,106
2637,82
2638,56
2639,105
2640,119
2641,101
2642,94
2643,141
2644,113
2645,67
2646,93
2647,79
2648,80
2649,80
2650,105
2651,96
2652,89
2653,82
2654,105
2655,68
2656,95
2657,95
2658,91
2659,200
2660,69
2661,77
2662,105
2663,104
2664,124
2665,98
2666,167
2667,69
2668,142
2669,96
2670,76
2671,71
2672,57
2673,81
2674,54
2675,94
2676,81
2677,91
2678,53
2679,89
2680,133
2681,75
2682,76
2683,67
2684,81
2685,87
2686,92
2687,113
2688,80
2689,65
2690,87
2691,159
2692,83
2693,132
2694,69
2695,97
2696,121
2697,89
2698,138
2699,151
2700,115
2701,88
2702,106
2703,119
2704,106
2705,101
2706,71
2707,65
2708,56
2709,67
2710,75
2711,109
2712,64
2713,194
2714,90
2715,90
2716,85
2717,86
2718,106
2719,100
2720,69
2721,113
2722,91
2723,122
2724,61
2725,95
2726,117
2727,73
2728,86
2729,92
2730,89
2731,83
2732,102
2733,84
2734,109
2735,94
2736,118
2737,127
2738,114
2739,105
2740,88
2741,88
2742,145
2743,96
2744,134
2745,97
2746,46
2747,75
2748,85
2749,155
2750,87
2751,89
2752,135
2753,178
2754,142
2755,46
2756,107
2757,98
2758,100
2759,72
2760,104
2761,106
2762,86
2763,124
2764,89
2765,152
2766,65
2767,81
2768,121
2769,79
2770,101
2771,96
2772,83
2773,122
2774,157
2775,106
2776,80
2777,91
2778,93
2779,98
2780,53
2781,116
2782,98
2783,77
2784,129
2785,101
2786,69
2787,95
2788,90
2789,107
2790,84
2791,64
2792,91
2793,143
2794,111
2795,68
2796,68
2797,92
2798,59
2799,105
2800,84
2801,85
2802,102
2803,68
2804,103
2805,133
2806,97
2807,77
2808,72
2809,131
2810,83
2811,120
2812,103
2813,100
2814,98
2815,74
2816,81
2817,86
2818,135
2819,88
2820,107
2821,83
2822,63
2823,54
2824,87
2825,127
2826,77
2827,76
2828,91
2829,66
2830,66
2831,97
2832,92
2833,103
2834,125
2835,85
2836,60
2837,179
2838,122
2839,97
2840,80
2841,83
2842,69
2843,77
2844,71
2845,83
2846,111
2847,82
2848,68
2849,88
2850,86
2851,124
2852,147
2853,81
2854,81
2855,66
2856,90
2857,46
2858,97
2859,87
2860,46
2861,71
2862,85
2863,105
2864,56
2865,87
2866,77
2867,69
2868,89
2869,61
2870,70
2871,67
2872,161
2873,77
2874,113
2875,107
2876,73
2877,90
2878,99
2879,128
2880,106
2881,121
2882,108
2883,72
2884,81
2885,147
2886,104
2887,98
2888,110
2889,101
2890,90
2891,80
2892,95
2893,99
2894,109
2895,113
2896,121
2897,103
2898,87
2899,141
2900,77
2901,91
2902,70
2903,132
2904,117
2905,60
2906,121
2907,130
2908,97
2909,79
2910,70
2911,88
2912,86
2913,76
2914,67
2915,57
2916,117
2917,89
2918,129
2919,109
2920,75
2921,92
2922,144
2923,83
2924,131
2925,85
2926,64
2927,166
2928,112
2929,143
2930,102
2931,61
2932,121
2933,62
2934,104
2935,105
2936,106
2937,105
2938,69
2939,96
2940,122
2941,87
2942,156
2943,74
2944,176
2945,156
2946,53
2947,92
2948,72
2949,110
2950,78
2951,84
2952,119
2953,116
2954,107
2955,79
2956,77
2957,63
2958,214
2959,83
2960,93
2961,91
2962,77
2963,78
2964,78
2965,84
2966,52
2967,73
2968,84
2969,93
2970,78
2971,91
2972,79
2973,69
2974,67
2975,82
2976,141
2977,82
2978,75
2979,72
2980,77
2981,83
2982,97
2983,81
2984,152
2985,71
2986,110
2987,106
2988,163
2989,72
2990,65
2991,91
2992,156
2993,65
2994,81
2995,121
2996,67
2997,57
2998,112
2999,95
3000,75
3001,76
3002,67
3003,128
3004,157
3005,64
3006,117
3007,92
3008,100
3009,65
3010,142
3011,111
3012,88
3013,82
3014,85
3015,69
3016,82
3017,171
3018,109
3019,90
3020,96
3021,79
3022,91
3023,116
3024,62
3025,130
3026,84
3027,74
3028,74
3029,71
3030,79
3031,117
3032,61
3033,113
3034,104
3035,71
3036,138
3037,83
3038,75
3039,129
3040,72
3041,91
3042,94
3043,108
3044,60
3045,87
3046,128
3047,112
3048,60
3049,77
3050,65
3051,76
3052,63
3053,47
3054,71
3055,119
3056,93
3057,102
3058,115
3059,88
3060,94
3061,141
3062,95
3063,75
3064,70
3065,110
3066,72
3067,84
3068,111
3069,51
3070,123
3071,126
3072,99
3073,145
3074,89
3075,147
3076,82
3077,135
3078,84
3079,92
3080,156
3081,80
3082,120
3083,94
3084,98
3085,87
3086,83
3087,78
3088,103
3089,68
3090,68
3091,66
3092,60
3093,89
3094,75
3095,61
3096,69
3097,88
3098,102
3099,141
3100,50
3101,52
3102,125
3103,81
3104,90
3105,68
3106,85
3107,76
3108,74
3109,99
3110,104
3111,86
3112,79
3113,51
3114,86
3115,70
3116,80
3117,80
3118,110
3119,80
3120,157
3121,68
3122,60
3123,67
3124,104
3125,94
3126,114
3127,118
3128,99
3129,101
3130,70
3131,73
3132,98
3133,73
3134,123
3135,102
3136,109
3137,65
3138,122
3139,102
3140,84
3141,93
3142,72
3143,69
3144,69
3145,85
3146,93
3147,60
3148,107
3149,69
3150,106
3151,54
3152,74
3153,100
3154,94
3155,101
3156,94
3157,101
3158,106
3159,97
3160,57
3161,49
3162,107
3163,97
3164,112
3165,93
3166,112
3167,73
3168,98
3169,124
3170,142
3171,151
3172,91
3173,113
3174,84
3175,81
3176,75
3177,143
3178,98
3179,95
3180,128
3181,61
3182,100
3183,116
3184,92
3185,79
3186,116
3187,90
3188,84
3189,71
3190,97
3191,164
3192,156
3193,109
3194,76
3195,89
3196,110
3197,63
3198,74
3199,94
3200,96
3201,84
3202,63
3203,97
3204,64
3205,137
3206,77
3207,51
3208,89
3209,91
3210,74
3211,85
3212,69
3213,61
3214,96
3215,141
3216,58
3217,86
3218,110
3219,173
3220,96
3221,77
3222,202
3223,79
3224,80
3225,78
3226,84
3227,103
3228,126
3229,103
3230,128
3231,86
3232,127
3233,73
3234,83
3235,122
3236,49
3237,94
3238,93
3239,68
3240,103
3241,72
3242,111
3243,159
3244,65
3245,97
3246,54
3247,94
3248,101
3249,106
3250,53
3251,88
3252,76
3253,207
3254,50
3255,98
3256,114
3257,81
3258,53
3259,67
3260,82
3261,116
3262,176
3263,81
3264,74
3265,82
3266,73
3267,71
3268,55
3269,90
3270,145
3271,44
3272,119
3273,98
3274,60
3275,85
3276,90
3277,82
3278,88
3279,60
3280,114
3281,86
3282,70
3283,94
3284,101
3285,89
3286,101
3287,90
3288,80
3289,83
3290,66
3291,58
3292,85
3293,116
3294,97
3295,83
3296,66
3297,77
3298,126
3299,86
3300,98
3301,78
3302,87
3303,85
3304,96
3305,80
3306,93
3307,89
3308,81
3309,75
3310,75
3311,113
3312,84
3313,137
3314,88
3315,86
3316,137
3317,50
3318,60
3319,150
3320,71
3321,77
3322,62
3323,100
3324,74
3325,126
3326,86
3327,70
3328,109
3329,125
3330,67
3331,51
3332,157
3333,69
3334,164
3335,66
3336,90
3337,78
3338,113
3339,130
3340,97
3341,79
3342,131
3343,55
3344,70
3345,58
3346,76
3347,66
3348,65
3349,103
3350,60
3351,99
3352,74
3353,128
3354,70
3355,155
3356,54
3357,69
3358,86
3359,84
3360,138
3361,108
3362,112
3363,58
3364,59
3365,75
3366,48
3367,101
3368,62
3369,63
3370,90
3371,142
3372,89
3373,58
3374,75
3375,79
3376,85
3377,108
3378,125
3379,95
3380,52
3381,79
3382,79
3383,86
3384,54
3385,101
3386,72
3387,123
3388,109
3389,116
3390,84
3391,180
3392,71
3393,115
3394,76
3395,79
3396,86
3397,76
3398,101
3399,108
3400,62
3401,119
3402,59
3403,70
3404,65
3405,160
3406,108
3407,118
3408,63
3409,113
3410,91
3411,92
3412,80
3413,133
3414,54
3415,47
3416,62
3417,73
3418,76
3419,93
3420,112
3421,116
3422,75
3423,55
3424,112
3425,55
3426,130
3427,57
3428,103
3429,62
3430,88
3431,80
3432,64
3433,151
3434,83
3435,95
3436,81
3437,140
3438,93
3439,50
3440,79
3441,112
3442,82
3443,100
3444,111
3445,148
3446,131
3447,72
3448,77
3449,111
3450,102
3451,62
3452,47
3453,89
3454,144
3455,107
3456,64
3457,102
3458,80
3459,126
3460,104
3461,154
3462,100
3463,153
3464,94
3465,81
3466,148
3467,108
3468,81
3469,120
3470,99
3471,138
3472,71
3473,101
3474,81
3475,92
3476,123
3477,137
3478,96
3479,61
3480,82
3481,136
3482,136
3483,116
3484,149
3485,85
3486,106
3487,99
3488,80
3489,111
3490,115
3491,69
3492,84
3493,99
3494,118
3495,69
3496,70
3497,71
3498,118
3499,112
3500,92
3501,74
3502,86
3503,66
3504,70
3505,41
3506,119
3507,84
3508,105
3509,99
3510,73
3511,70
3512,110
3513,69
3514,73
3515,113
3516,88
3517,107
3518,72
3519,80
3520,81
3521,80
3522,87
3523,82
3524,98
3525,120
3526,89
3527,94
3528,130
3529,74
3530,85
3531,76
3532,73
3533,71
3534,91
3535,80
3536,100
3537,79
3538,127
3539,102
3540,84
3541,76
3542,117
3543,59
3544,63
3545,101
3546,98
3547,182
3548,76
3549,88
3550,83
3551,102
3552,72
3553,103
3554,79
3555,75
3556,83
3557,73
3558,99
3559,113
3560,88
3561,65
3562,64
3563,74
3564,95
3565,80
3566,92
3567,60
3568,55
3569,92
3570,115
3571,91
3572,106
3573,164
3574,125
3575,63
3576,96
3577,91
3578,107
3579,76
3580,61
3581,102
3582,55
3583,65
3584,94
3585,67
3586,132
3587,129
3588,144
3589,71
3590,75
3591,78
3592,79
3593,114
3594,61
3595,107
3596,82
3597,95
3598,116
3599,108
3600,62
3601,86
3602,84
3603,62
3604,121
3605,100
3606,92
3607,89
3608,103
3609,75
3610,79
3611,90
3612,95
3613,73
3614,85
3615,75
3616,44
3617,97
3618,96
3619,58
3620,106
3621,48
3622,116
3623,59
3624,105
3625,72
3626,100
3627,77
3628,83
3629,96
3630,122
3631,62
3632,78
3633,58
3634,98
3635,123
3636,78
3637,101
3638,88
3639,87
3640,60
3641,74
3642,66
3643,111
3644,156
3645,115
3646,82
3647,79
3648,152
3649,74
3650,88
3651,59
3652,85
3653,87
3654,102
3655,84
3656,83
3657,123
3658,116
3659,58
3660,99
3661,112
3662,105
3663,93
3664,67
3665,83
3666,98
3667,70
3668,77
3669,58
3670,70
3671,67
3672,89
3673,68
3674,68
3675,96
3676,82
3677,126
3678,77
3679,79
3680,77
3681,139
3682,81
3683,100
3684,96
3685,73
3686,133
3687,150
3688,98
3689,79
3690,65
3691,79
3692,122
3693,186
3694,70
3695,50
3696,130
3697,89
3698,100
3699,116
3700,73
3701,86
3702,104
3703,82
3704,89
3705,54
3706,81
3707,99
3708,112
3709,99
3710,107
3711,64
3712,103
3713,85
3714,90
3715,87
3716,83
3717,74
3718,79
3719,103
3720,86
3721,69
3722,77
3723,94
3724,133
3725,119
3726,88
3727,64
3728,89
3729,90
3730,100
3731,92
3732,95
3733,102
3734,98
3735,72
3736,140
3737,61
3738,107
3739,96
3740,113
3741,80
3742,110
3743,163
3744,107
3745,104
3746,74
3747,76
3748,135
3749,112
3750,95
3751,78
3752,139
3753,82
3754,93
3755,196
3756,128
3757,117
3758,113
3759,117
3760,59
3761,85
3762,88
3763,76
3764,114
3765,106
3766,42
3767,61
3768,137
3769,97
3770,85
3771,89
3772,83
3773,69
3774,115
3775,96
3776,114
3777,130
3778,97
3779,86
3780,87
3781,68
3782,109
3783,90
3784,77
3785,105
3786,117
3787,69
3788,84
3789,117
3790,99
3791,95
3792,81
3793,110
3794,108
3795,87
3796,57
3797,125
3798,111
3799,94
3800,89
3801,139
3802,125
3803,68
3804,66
3805,120
3806,130
3807,82
3808,104
3809,155
3810,72
3811,112
3812,76
3813,72
3814,91
3815,62
3816,66
3817,111
3818,99
3819,135
3820,67
3821,83
3822,72
3823,79
3824,70
3825,53
3826,141
3827,134
3828,73
3829,63
3830,94
3831,111
3832,123
3833,81
3834,82
3835,90
3836,99
3837,94
3838,138
3839,142
3840,82
3841,151
3842,105
3843,149
3844,100
3845,89
3846,55
3847,67
3848,75
3849,82
3850,138
3851,71
3852,82
3853,87
3854,118
3855,86
3856,137
3857,66
3858,70
3859,51
3860,91
3861,92
3862,57
3863,101
3864,124
3865,76
3866,77
3867,63
3868,78
3869,121
3870,66
3871,107
3872,79
3873,122
3874,110
3875,84
3876,97
3877,96
3878,80
3879,128
3880,123
3881,96
3882,113
3883,83
3884,140
3885,98
3886,133
3887,103
3888,120
3889,87
3890,65
3891,88
3892,71
3893,86
3894,90
3895,102
3896,44
3897,127
3898,96
3899,67
3900,90
3901,118
3902,81
3903,108
3904,114
3905,117
3906,89
3907,89
3908,65
3909,70
3910,64
3911,101
3912,81
3913,104
3914,92
3915,109
3916,78
3917,97
3918,55
3919,73
3920,85
3921,86
3922,72
3923,68
3924,60
3925,67
3926,51
3927,78
3928,123
3929,85
3930,51
3931,95
3932,84
3933,131
3934,104
3935,43
3936,103
3937,84
3938,80
3939,121
3940,112
3941,61
3942,66
3943,71
3944,135
3945,69
3946,80
3947,45
3948,85
3949,86
3950,159
3951,152
3952,96
3953,71
3954,81
3955,59
3956,103
3957,128
3958,58
3959,54
3960,88
3961,190
3962,74
3963,75
3964,77
3965,82
3966,109
3967,78
3968,115
3969,64
3970,51
3971,98
3972,100
3973,58
3974,74
3975,120
3976,106
3977,105
3978,91
3979,76
3980,120
3981,86
3982,81
3983,80
3984,81
3985,150
3986,99
3987,89
3988,74
3989,98
3990,121
3991,82
3992,75
3993,104
3994,59
3995,66
3996,87
3997,94
3998,86
3999,109
4000,80
4001,74
4002,90
4003,70
4004,85
4005,87
4006,60
4007,137
4008,122
4009,65
4010,87
4011,60
4012,60
4013,91
4014,66
4015,74
4016,91
4017,69
4018,82
4019,45
4020,77
4021,60
4022,78
4023,88
4024,82
4025,71
4026,74
4027,68
4028,112
4029,186
4030,90
4031,68
4032,126
4033,58
4034,146
4035,78
4036,96
4037,112
4038,57
4039,81
4040,67
4041,64
4042,69
4043,51
4044,90
4045,66
4046,90
4047,81
4048,91
4049,42
4050,105
4051,75
4052,58
4053,97
4054,72
4055,71
4056,69
4057,74
4058,66
4059,68
4060,101
4061,93
4062,79
4063,121
4064,86
4065,58
4066,67
4067,67
4068,45
4069,102
4070,90
4071,127
4072,78
4073,63
4074,104
4075,94
4076,58
4077,73
4078,95
4079,96
4080,128
4081,95
4082,105
4083,184
4084,69
4085,85
4086,110
4087,130
4088,87
4089,186
4090,97
4091,150
4092,93
4093,64
4094,65
4095,72
4096,115
4097,111
4098,107
4099,93
4100,102
4101,70
4102,77
4103,72
4104,101
4105,62
4106,122
4107,56
4108,75
4109,103
4110,115
4111,80
4112,83
4113,90
4114,78
4115,79
4116,59
4117,63
4118,109
4119,85
4120,65
4121,96
4122,48
4123,93
4124,79
4125,93
4126,101
4127,69
4128,87
4129,130
4130,88
4131,93
4132,120
4133,109
4134,67
4135,112
4136,110
4137,86
4138,99
4139,83
4140,103
4141,108
4142,108
4143,92
4144,69
4145,86
4146,82
4147,98
4148,71
4149,91
4150,71
4151,121
4152,70
4153,116
4154,104
4155,57
4156,89
4157,71
4158,109
4159,60
4160,131
4161,57
4162,81
4163,81
4164,106
4165,62
4166,81
4167,107
4168,55
4169,90
4170,53
4171,88
4172,70
4173,62
4174,91
4175,94
4176,75
4177,149
4178,50
4179,69
4180,82
4181,87
4182,71
4183,101
4184,92
4185,122
4186,127
4187,96
4188,76
4189,71
4190,72
4191,133
4192,121
4193,96
4194,95
4195,103
4196,111
4197,159
4198,111
4199,74
4200,73
4201,92
4202,69
4203,98
4204,125
4205,61
4206,113
4207,156
4208,79
4209,90
4210,135
4211,78
4212,75
4213,69
4214,107
4215,89
4216,95
4217,136
4218,57
4219,62
4220,65
4221,106
4222,126
4223,71
4224,85
4225,71
4226,83
4227,55
4228,91
4229,89
4230,44
4231,99
4232,56
4233,112
4234,88
4235,95
4236,115
4237,94
4238,63
4239,77
4240,119
4241,84
4242,101
4243,98
4244,154
4245,71
4246,72
4247,104
4248,93
4249,108
4250,59
4251,102
4252,84
4253,135
4254,50
4255,62
4256,83
4257,151
4258,128
4259,85
4260,123
4261,106
4262,103
4263,103
4264,130
4265,85
4266,82
4267,80
4268,98
4269,66
4270,135
4271,103
4272,64
4273,76
4274,91
4275,138
4276,72
4277,85
4278,61
4279,89
4280,90
4281,122
4282,77
4283,96
4284,171
4285,91
4286,85
4287,60
4288,63
4289,124
4290,93
4291,83
4292,77
4293,111
4294,79
4295,53
4296,147
4297,83
4298,71
4299,81
4300,95
4301,60
4302,91
4303,126
4304,78
4305,57
4306,88
4307,63
4308,145
4309,99
4310,76
4311,73
4312,109
4313,121
4314,78
4315,110
4316,76
4317,70
4318,117
4319,108
4320,77
4321,111
4322,90
4323,180
4324,82
4325,51
4326,124
4327,101
4328,118
4329,105
4330,83
4331,107
4332,104
4333,75
4334,101
4335,111
4336,130
4337,107
4338,80
4339,68
4340,61
4341,51
4342,67
4343,112
4344,128
4345,73
4346,59
4347,67
4348,72
4349,98
4350,70
4351,91
4352,89
4353,99
4354,124
4355,71
4356,99
4357,103
4358,85
4359,120
4360,105
4361,98
4362,91
4363,64
4364,143
4365,110
4366,136
4367,61
4368,86
4369,60
4370,92
4371,100
4372,92
4373,106
4374,137
4375,97
4376,87
4377,97
4378,151
4379,124
4380,76
4381,94
4382,48
4383,88
4384,88
4385,110
4386,76
4387,71
4388,95
4389,114
4390,77
4391,103
4392,97
4393,117
4394,89
4395,68
4396,107
4397,85
4398,89
4399,105
4400,57
4401,86
4402,61
4403,91
4404,105
4405,152
4406,90
4407,55
4408,94
4409,63
4410,102
4411,100
4412,115
4413,77
4414,106
4415,108
4416,106
4417,209
4418,102
4419,128
4420,79
4421,81
4422,80
4423,79
4424,64
4425,73
4426,114
4427,125
4428,96
4429,112
4430,113
4431,82
4432,72
4433,81
4434,69
4435,76
4436,111
4437,102
4438,93
4439,117
4440,117
4441,68
4442,132
4443,61
4444,101
4445,78
4446,112
4447,74
4448,86
4449,78
4450,105
4451,99
4452,89
4453,70
4454,108
4455,85
4456,89
4457,58
4458,86
4459,55
4460,87
4461,103
4462,71
4463,102
4464,103
4465,73
4466,114
4467,103
4468,104
4469,79
4470,95
4471,100
4472,78
4473,79
4474,150
4475,112
4476,143
4477,68
4478,63
4479,108
4480,55
4481,111
4482,97
4483,111
4484,104
4485,69
4486,120
4487,74
4488,80
4489,77
4490,106
4491,82
4492,104
4493,141
4494,102
4495,62
4496,83
4497,74
4498,205
4499,133
4500,72
4501,115
4502,82
4503,96
4504,63
4505,96
4506,101
4507,65
4508,81
4509,50
4510,76
4511,108
4512,63
4513,87
4514,67
4515,115
4516,96
4517,128
4518,96
4519,63
4520,71
4521,95
4522,93
4523,55
4524,123
4525,150
4526,112
4527,135
4528,96
4529,80
4530,100
4531,123
4532,81
4533,79
4534,81
4535,80
4536,74
4537,72
4538,84
4539,109
4540,120
4541,48
4542,79
4543,127
4544,111
4545,70
4546,115
4547,53
4548,77
4549,113
4550,72
4551,118
4552,94
4553,151
4554,84
4555,68
4556,76
4557,88
4558,69
4559,80
4560,179
4561,156
4562,71
4563,92
4564,64
4565,143
4566,123
4567,118
4568,56
4569,65
4570,74
4571,65
4572,120
4573,66
4574,48
4575,62
4576,92
4577,100
4578,93
4579,101
4580,99
4581,105
4582,177
4583,56
4584,103
4585,54
4586,61
4587,92
4588,54
4589,163
4590,83
4591,68
4592,78
4593,145
4594,101
4595,91
4596,99
4597,108
4598,107
4599,70
4600,69
4601,93
4602,79
4603,99
4604,120
4605,94
4606,76
4607,131
4608,87
4609,106
4610,75
4611,87
4612,131
4613,95
4614,115
4615,101
4616,80
4617,109
4618,108
4619,88
4620,102
4621,90
4622,93
4623,73
4624,102
4625,93
4626,130
4627,69
4628,69
4629,105
4630,130
4631,113
4632,120
4633,91
4634,84
4635,95
4636,108
4637,75
4638,83
4639,62
4640,68
4641,174
4642,88
4643,85
4644,106
4645,81
4646,51
4647,86
4648,76
4649,92
4650,106
4651,81
4652,83
4653,85
4654,162
4655,97
4656,91
4657,92
4658,142
4659,98
4660,92
4661,59
4662,55
4663,95
4664,52
4665,99
4666,99
4667,59
4668,101
4669,119
4670,64
4671,172
4672,99
4673,161
4674,117
4675,65
4676,97
4677,61
4678,96
4679,62
4680,143
4681,154
4682,69
4683,115
4684,97
4685,116
4686,113
4687,97
4688,71
4689,56
4690,102
4691,63
4692,120
4693,79
4694,87
4695,102
4696,89
4697,80
4698,63
4699,119
4700,130
4701,87
4702,86
4703,63
4704,95
4705,74
4706,74
4707,119
4708,73
4709,124
4710,94
4711,86
4712,201
4713,96
4714,79
4715,114
4716,68
4717,121
4718,116
4719,140
4720,87
4721,80
4722,70
4723,100
4724,108
4725,128
4726,125
4727,117
4728,130
4729,90
4730,140
4731,132
4732,95
4733,81
4734,126
4735,135
4736,89
4737,59
4738,107
4739,113
4740,148
4741,70
4742,69
4743,69
4744,85
4745,117
4746,93
4747,91
4748,85
4749,177
4750,105
4751,105
4752,97
4753,82
4754,158
4755,85
4756,114
4757,125
4758,85
4759,95
4760,115
4761,71
4762,118
4763,109
4764,55
4765,140
4766,100
4767,169
4768,78
4769,89
4770,172
4771,162
4772,79
4773,81
4774,70
4775,53
4776,92
4777,79
4778,109
4779,124
4780,89
4781,99
4782,77
4783,85
4784,83
4785,213
4786,71
4787,149
4788,99
4789,111
4790,78
4791,88
4792,68
4793,68
4794,147
4795,100
4796,100
4797,117
4798,88
4799,67
4800,89
4801,74
4802,108
4803,82
4804,80
4805,65
4806,93
4807,155
4808,80
4809,131
4810,70
4811,69
4812,58
4813,101
4814,109
4815,73
4816,135
4817,84
4818,113
4819,79
4820,88
4821,167
4822,113
4823,126
4824,121
4825,74
4826,69
4827,78
4828,99
4829,70
4830,137
4831,106
4832,130
4833,105
4834,103
4835,73
4836,80
4837,82
4838,82
4839,85
4840,91
4841,138
4842,78
4843,89
4844,72
4845,78
4846,52
4847,103
4848,97
4849,84
4850,82
4851,86
4852,143
4853,94
4854,77
4855,154
4856,110
4857,104
4858,114
4859,103
4860,66
4861,109
4862,84
4863,113
4864,91
4865,79
4866,87
4867,69
4868,103
4869,66
4870,91
4871,88
4872,126
4873,61
4874,100
4875,74
4876,64
4877,92
4878,86
4879,67
4880,147
4881,81
4882,162
4883,87
4884,91
4885,81
4886,112
4887,84
4888,109
4889,95
4890,85
4891,79
4892,109
4893,77
4894,54
4895,63
4896,92
4897,57
4898,72
4899,94
4900,103
4901,90
4902,38
4903,88
4904,74
4905,81
4906,116
4907,50
4908,95
4909,89
4910,112
4911,123
4912,66
4913,92
4914,118
4915,80
4916,81
4917,97
4918,99
4919,72
4920,84
4921,77
4922,111
4923,86
4924,59
4925,73
4926,74
4927,83
4928,80
4929,99
4930,51
4931,56
4932,72
4933,101
4934,86
4935,102
4936,99
4937,80
4938,169
4939,132
4940,95
4941,69
4942,91
4943,122
4944,126
4945,75
4946,102
4947,70
4948,66
4949,94
4950,109
4951,120
4952,82
4953,71
4954,73
4955,56
4956,74
4957,59
4958,102
4959,123
4960,93
4961,72
4962,66
4963,88
4964,99
4965,163
4966,93
4967,127
4968,125
4969,64
4970,65
4971,106
4972,73
4973,109
4974,92
4975,76
4976,97
4977,56
4978,86
4979,81
4980,77
4981,81
4982,127
4983,169
4984,79
4985,134
4986,72
4987,164
4988,83
4989,77
4990,74
4991,101
4992,117
4993,90
4994,79
4995,72
4996,109
4997,111
4998,58
4999,95
5000,86
5001,56
5002,74
5003,58
5004,72
5005,75
5006,53
5007,76
5008,72
5009,67
5010,92
5011,71
5012,67
5013,52
5014,75
5015,59
5016,103
5017,65
5018,77
5019,61
5020,47
5021,101
5022,85
5023,58
5024,77
5025,66
5026,52
5027,51
5028,64
5029,65
5030,77
5031,84
5032,71
5033,94
5034,50
5035,76
5036,71
5037,71
5038,50
5039,96
5040,84
5041,50
5042,86
5043,42
5044,68
5045,81
5046,84
5047,101
5048,50
5049,72
5050,75
5051,76
5052,66
5053,73
5054,62
5055,64
5056,66
5057,46
5058,107
5059,75
5060,90
5061,84
5062,50
5063,71
5064,52
5065,72
5066,85
5067,65
5068,63
5069,57
5070,57
5071,52
5072,110
5073,93
5074,89
5075,53
5076,63
5077,68
5078,77
5079,122
5080,71
5081,67
5082,75
5083,65
5084,85
5085,92
5086,58
5087,59
5088,67
5089,70
5090,57
5091,68
5092,105
5093,59
5094,73
5095,47
5096,126
5097,66
5098,80
5099,59
5100,49
5101,63
5102,55
5103,56
5104,86
5105,69
5106,44
5107,74
5108,119
5109,48
5110,56
5111,71
5112,84
5113,65
5114,83
5115,59
5116,60
5117,40
5118,66
5119,82
5120,65
5121,53
5122,90
5123,69
5124,64
5125,49
5126,70
5127,66
5128,68
5129,89
5130,101
5131,54
5132,101
5133,57
5134,78
5135,134
5136,53
5137,68
5138,68
5139,80
5140,77
5141,84
5142,81
5143,87
5144,46
5145,59
5146,78
5147,47
5148,85
5149,56
5150,49
5151,64
5152,52
5153,74
5154,57
5155,64
5156,65
5157,65
5158,72
5159,54
5160,90
5161,41
5162,48
5163,92
5164,61
5165,66
5166,73
5167,102
5168,58
5169,55
5170,69
5171,64
5172,101
5173,81
5174,52
5175,50
5176,64
5177,52
5178,79
5179,63
5180,59
5181,119
5182,76
5183,47
5184,61
5185,62
5186,93
5187,87
5188,59
5189,91
5190,59
5191,58
5192,100
5193,63
5194,79
5195,76
5196,59
5197,47
5198,77
5199,61
5200,52
5201,60
5202,71
5203,64
5204,91
5205,66
5206,40
5207,101
5208,81
5209,92
5210,74
5211,71
5212,54
5213,75
5214,79
5215,61
5216,85
5217,57
5218,76
5219,71
5220,64
5221,99
5222,91
5223,84
5224,57
5225,72
5226,59
5227,113
5228,75
5229,109
5230,51
5231,112
5232,64
5233,71
5234,49
5235,58
5236,50
5237,45
5238,69
5239,145
5240,76
5241,69
5242,67
5243,48
5244,53
5245,62
5246,52
5247,49
5248,58
5249,46
5250,61
5251,60
5252,56
5253,84
5254,116
5255,70
5256,58
5257,52
5258,72
5259,46
5260,47
5261,64
5262,45
5263,94
5264,47
5265,57
5266,72
5267,82
5268,55
5269,102
5270,53
5271,72
5272,67
5273,77
5274,97
5275,55
5276,56
5277,71
5278,77
5279,58
5280,48
5281,63
5282,70
5283,62
5284,94
5285,67
5286,55
5287,61
5288,83
5289,55
5290,55
5291,96
5292,58
5293,99
5294,76
5295,70
5296,63
5297,82
5298,52
5299,60
5300,57
5301,57
5302,49
5303,124
5304,79
5305,55
5306,58
5307,62
5308,65
5309,56
5310,56
5311,81
5312,87
5313,52
5314,58
5315,69
5316,42
5317,81
5318,83
5319,102
5320,81
5321,66
5322,97
5323,48
5324,55
5325,129
5326,77
5327,60
5328,76
5329,53
5330,69
5331,50
5332,51
5333,58
5334,63
5335,61
5336,56
5337,94
5338,72
5339,80
5340,92
5341,51
5342,52
5343,57
5344,49
5345,104
5346,48
5347,77
5348,94
5349,55
5350,101
5351,50
5352,83
5353,82
5354,63
5355,62
5356,63
5357,58
5358,49
5359,43
5360,103
5361,48
5362,70
5363,61
5364,69
5365,75
5366,47
5367,99
5368,53
5369,72
5370,41
5371,54
5372,67
5373,44
5374,52
5375,48
5376,49
5377,51
5378,58
5379,52
5380,60
5381,86
5382,50
5383,111
5384,72
5385,46
5386,61
5387,70
5388,43
5389,63
5390,71
5391,73
5392,67
5393,66
5394,63
5395,108
5396,62
5397,69
5398,77
5399,59
5400,75
5401,54
5402,75
5403,57
5404,65
5405,70
5406,64
5407,79
5408,51
5409,57
5410,96
5411,72
5412,84
5413,72
5414,78
5415,48
5416,59
5417,71
5418,108
5419,57
5420,65
5421,50
5422,43
5423,129
5424,87
5425,50
5426,91
5427,47
5428,53
5429,53
5430,67
5431,51
5432,58
5433,73
5434,57
5435,51
5436,48
5437,62
5438,58
5439,73
5440,71
5441,50
5442,73
5443,50
5444,43
5445,77
5446,79
5447,56
5448,72
5449,56
5450,89
5451,48
5452,64
5453,60
5454,93
5455,58
5456,68
5457,46
5458,79
5459,89
5460,57
5461,53
5462,76
5463,51
5464,38
5465,69
5466,82
5467,61
5468,42
5469,42
5470,93
5471,58
5472,104
5473,49
5474,64
5475,52
5476,56
5477,75
5478,70
5479,82
5480,55
5481,50
5482,47
5483,97
5484,58
5485,60
5486,62
5487,65
5488,85
5489,70
5490,42
5491,66
5492,81
5493,49
5494,56
5495,55
5496,66
5497,67
5498,50
5499,67
5500,63
5501,56
5502,76
5503,101
5504,96
5505,56
5506,48
5507,81
5508,55
5509,73
5510,48
5511,57
5512,74
5513,59
5514,85
5515,59
5516,53
5517,86
5518,61
5519,75
5520,79
5521,55
5522,65
5523,74
5524,80
5525,53
5526,58
5527,117
5528,90
5529,56
5530,50
5531,101
5532,59
5533,75
5534,64
5535,61
5536,60
5537,89
5538,59
5539,70
5540,65
5541,75
5542,66
5543,65
5544,49
5545,71
5546,74
5547,68
5548,61
5549,56
5550,51
5551,60
5552,65
5553,78
5554,52
5555,91
5556,64
5557,46
5558,74
5559,112
5560,84
5561,48
5562,69
5563,88
5564,132
5565,79
5566,72
5567,48
5568,74
5569,61
5570,51
5571,74
5572,77
5573,62
5574,73
5575,67
5576,67
5577,52
5578,89
5579,57
5580,50
5581,58
5582,78
5583,73
5584,70
5585,61
5586,71
5587,54
5588,67
5589,65
5590,67
5591,70
5592,103
5593,74
5594,53
5595,60
5596,84
5597,63
5598,60
5599,62
5600,63
5601,138
5602,46
5603,77
5604,63
5605,76
5606,60
5607,59
5608,85
5609,87
5610,72
5611,62
5612,61
5613,82
5614,95
5615,78
5616,68
5617,59
5618,41
5619,85
5620,83
5621,50
5622,79
5623,57
5624,93
5625,53
5626,54
5627,74
5628,63
5629,94
5630,58
5631,45
5632,73
5633,70
5634,111
5635,88
5636,47
5637,86
5638,74
5639,80
5640,76
5641,66
5642,70
5643,50
5644,62
5645,97
5646,51
5647,103
5648,45
5649,100
5650,45
5651,56
5652,65
5653,75
5654,53
5655,111
5656,125
5657,82
5658,59
5659,61
5660,87
5661,41
5662,111
5663,138
5664,62
5665,104
5666,81
5667,57
5668,84
5669,100
5670,87
5671,129
5672,97
5673,100
5674,122
5675,81
5676,65
5677,104
5678,71
5679,48
5680,58
5681,63
5682,61
5683,76
5684,79
5685,53
5686,70
5687,58
5688,58
5689,84
5690,68
5691,50
5692,61
5693,73
5694,50
5695,68
5696,68
5697,76
5698,69
5699,53
5700,72
5701,67
5702,57
5703,64
5704,53
5705,47
5706,64
5707,54
5708,60
5709,101
5710,65
5711,76
5712,86
5713,61
5714,62
5715,59
5716,53
5717,93
5718,85
5719,64
5720,75
5721,45
5722,91
5723,64
5724,80
5725,101
5726,70
5727,68
5728,52
5729,133
5730,87
5731,58
5732,102
5733,78
5734,57
5735,47
5736,62
5737,74
5738,126
5739,66
5740,57
5741,59
5742,62
5743,58
5744,112
5745,73
5746,56
5747,59
5748,68
5749,55
5750,61
5751,89
5752,65
5753,54
5754,63
5755,118
5756,91
5757,50
5758,81
5759,83
5760,72
5761,67
5762,80
5763,67
5764,76
5765,60
5766,50
5767,83
5768,73
5769,44
5770,80
5771,90
5772,73
5773,68
5774,114
5775,54
5776,64
5777,81
5778,127
5779,57
5780,52
5781,76
5782,104
5783,75
5784,102
5785,57
5786,77
5787,76
5788,70
5789,65
5790,60
5791,63
5792,40
5793,70
5794,42
5795,86
5796,75
5797,62
5798,71
5799,64
5800,60
5801,61
5802,77
5803,66
5804,90
5805,95
5806,57
5807,73
5808,58
5809,80
5810,66
5811,70
5812,63
5813,67
5814,43
5815,86
5816,48
5817,62
5818,61
5819,44
5820,56
5821,58
5822,81
5823,58
5824,122
5825,61
5826,89
5827,74
5828,84
5829,72
5830,60
5831,81
5832,63
5833,59
5834,61
5835,54
5836,67
5837,109
5838,86
5839,91
5840,38
5841,43
5842,54
5843,64
5844,48
5845,63
5846,89
5847,58
5848,70
5849,62
5850,60
5851,65
5852,73
5853,58
5854,86
5855,93
5856,84
5857,97
5858,45
5859,70
5860,63
5861,104
5862,51
5863,80
5864,53
5865,67
5866,113
5867,114
5868,94
5869,63
5870,55
5871,61
5872,76
5873,83
5874,66
5875,62
5876,52
5877,101
5878,93
5879,84
5880,57
5881,74
5882,64
5883,92
5884,67
5885,64
5886,77
5887,63
5888,94
5889,77
5890,73
5891,71
5892,49
5893,122
5894,62
5895,69
5896,67
5897,56
5898,52
5899,63
5900,66
5901,70
5902,84
5903,82
5904,63
5905,97
5906,88
5907,66
5908,61
5909,43
5910,95
5911,87
5912,57
5913,55
5914,124
5915,64
5916,86
5917,52
5918,72
5919,60
5920,95
5921,99
5922,61
5923,82
5924,74
5925,45
5926,64
5927,58
5928,61
5929,57
5930,66
5931,50
5932,47
5933,43
5934,59
5935,62
5936,125
5937,52
5938,74
5939,71
5940,58
5941,77
5942,81
5943,61
5944,131
5945,106
5946,64
5947,46
5948,76
5949,78
5950,89
5951,71
5952,70
5953,82
5954,129
5955,46
5956,104
5957,73
5958,58
5959,75
5960,100
5961,80
5962,62
5963,44
5964,54
5965,63
5966,71
5967,94
5968,62
5969,105
5970,79
5971,93
5972,82
5973,52
5974,73
5975,71
5976,98
5977,104
5978,77
5979,52
5980,94
5981,53
5982,80
5983,87
5984,68
5985,138
5986,70
5987,64
5988,101
5989,98
5990,76
5991,68
5992,67
5993,65
5994,94
5995,75
5996,70
5997,68
5998,62
5999,137
6000,106
6001,77
6002,65
6003,58
6004,88
6005,64
6006,62
6007,84
6008,75
6009,67
6010,58
6011,81
6012,74
6013,50
6014,79
6015,88
6016,82
6017,125
6018,90
6019,108
6020,84
6021,84
6022,75
6023,110
6024,93
6025,81
6026,47
6027,80
6028,99
6029,92
6030,86
6031,154
6032,102
6033,53
6034,64
6035,131
6036,92
6037,64
6038,92
6039,76
6040,50
6041,60
6042,48
6043,71
6044,45
6045,88
6046,62
6047,93
6048,151
6049,122
6050,49
6051,90
6052,60
6053,94
6054,81
6055,51
6056,66
6057,72
6058,73
6059,79
6060,137
6061,59
6062,85
6063,125
6064,77
6065,68
6066,60
6067,85
6068,84
6069,60
6070,79
6071,91
6072,74
6073,84
6074,89
6075,60
6076,81
6077,63
6078,69
6079,59
6080,127
6081,86
6082,181
6083,62
6084,73
6085,74
6086,82
6087,50
6088,76
6089,111
6090,72
6091,55
6092,68
6093,90
6094,57
6095,61
6096,59
6097,65
6098,51
6099,121
6100,68
6101,42
6102,110
6103,64
6104,63
6105,69
6106,115
6107,86
6108,131
6109,94
6110,85
6111,52
6112,86
6113,84
6114,83
6115,97
6116,58
6117,94
6118,93
6119,102
6120,79
6121,87
6122,75
6123,91
6124,91
6125,135
6126,55
6127,75
6128,80
6129,83
6130,77
6131,42
6132,44
6133,67
6134,44
6135,147
6136,114
6137,98
6138,94
6139,150
6140,61
6141,46
6142,67
6143,81
6144,59
6145,79
6146,84
6147,62
6148,60
6149,45
6150,99
6151,72
6152,83
6153,54
6154,64
6155,60
6156,75
6157,75
6158,75
6159,85
6160,76
6161,98
6162,113
6163,73
6164,80
6165,50
6166,46
6167,68
6168,84
6169,83
6170,68
6171,77
6172,54
6173,99
6174,108
6175,48
6176,62
6177,68
6178,87
6179,98
6180,59
6181,121
6182,138
6183,55
6184,55
6185,118
6186,63
6187,59
6188,98
6189,96
6190,87
6191,108
6192,60
6193,124
6194,52
6195,134
6196,126
6197,116
6198,58
6199,76
6200,83
6201,76
6202,99
6203,63
6204,82
6205,45
6206,56
6207,45
6208,91
6209,117
6210,52
6211,68
6212,63
6213,100
6214,130
6215,53
6216,51
6217,62
6218,117
6219,79
6220,67
6221,101
6222,55
6223,51
6224,98
6225,67
6226,73
6227,84
6228,127
6229,83
6230,83
6231,59
6232,67
6233,53
6234,73
6235,74
6236,54
6237,65
6238,46
6239,56
6240,55
6241,84
6242,64
6243,51
6244,93
6245,64
6246,57
6247,63
6248,48
6249,68
6250,121
6251,56
6252,93
6253,55
6254,91
6255,91
6256,60
6257,75
6258,97
6259,61
6260,88
6261,150
6262,106
6263,89
6264,119
6265,80
6266,96
6267,68
6268,117
6269,66
6270,65
6271,67
6272,86
6273,67
6274,98
6275,62
6276,85
6277,51
6278,77
6279,76
6280,55
6281,59
6282,57
6283,91
6284,83
6285,72
6286,70
6287,59
6288,98
6289,52
6290,91
6291,77
6292,95
6293,120
6294,115
6295,104
6296,62
6297,51
6298,104
6299,81
6300,80
6301,51
6302,105
6303,106
6304,58
6305,78
6306,89
6307,51
6308,82
6309,87
6310,45
6311,93
6312,75
6313,83
6314,64
6315,100
6316,86
6317,68
6318,46
6319,82
6320,77
6321,60
6322,73
6323,74
6324,61
6325,56
6326,83
6327,61
6328,78
6329,79
6330,51
6331,81
6332,63
6333,76
6334,64
6335,114
6336,70
6337,63
6338,79
6339,68
6340,133
6341,80
6342,52
6343,57
6344,91
6345,65
6346,89
6347,97
6348,62
6349,52
6350,131
6351,60
6352,97
6353,49
6354,78
6355,54
6356,80
6357,94
6358,76
6359,78
6360,79
6361,80
6362,69
6363,51
6364,59
6365,59
6366,89
6367,64
6368,80
6369,63
6370,82
6371,68
6372,129
6373,73
6374,68
6375,61
6376,81
6377,142
6378,58
6379,155
6380,66
6381,83
6382,104
6383,48
6384,57
6385,45
6386,112
6387,93
6388,70
6389,53
6390,80
6391,81
6392,64
6393,88
6394,91
6395,58
6396,58
6397,67
6398,87
6399,77
6400,50
6401,69
6402,77
6403,88
6404,107
6405,80
6406,49
6407,61
6408,54
6409,70
6410,116
6411,109
6412,77
6413,66
6414,73
6415,43
6416,73
6417,51
6418,146
6419,57
6420,55
6421,93
6422,61
6423,64
6424,65
6425,79
6426,102
6427,82
6428,67
6429,61
6430,60
6431,98
6432,100
6433,80
6434,61
6435,62
6436,86
6437,70
6438,70
6439,48
6440,58
6441,105
6442,88
6443,101
6444,91
6445,85
6446,54
6447,44
6448,48
6449,66
6450,89
6451,146
6452,79
6453,130
6454,83
6455,95
6456,59
6457,57
6458,74
6459,82
6460,58
6461,53
6462,57
6463,79
6464,77
6465,90
6466,88
6467,78
6468,72
6469,50
6470,88
6471,107
6472,57
6473,64
6474,85
6475,155
6476,59
6477,75
6478,94
6479,54
6480,96
6481,75
6482,70
6483,91
6484,83
6485,97
6486,84
6487,89
6488,60
6489,69
6490,49
6491,69
6492,57
6493,75
6494,81
6495,78
6496,50
6497,110
6498,91
6499,67
6500,83
6501,80
6502,76
6503,69
6504,114
6505,89
6506,59
6507,100
6508,118
6509,61
6510,80
6511,50
6512,77
6513,67
6514,57
6515,68
6516,76
6517,50
6518,115
6519,92
6520,69
6521,75
6522,84
6523,78
6524,92
6525,64
6526,69
6527,60
6528,87
6529,69
6530,148
6531,54
6532,126
6533,87
6534,46
6535,52
6536,72
6537,54
6538,60
6539,80
6540,86
6541,70
6542,95
6543,67
6544,85
6545,48
6546,96
6547,71
6548,89
6549,72
6550,66
6551,61
6552,82
6553,47
6554,58
6555,65
6556,74
6557,64
6558,88
6559,85
6560,83
6561,53
6562,66
6563,80
6564,108
6565,96
6566,51
6567,68
6568,104
6569,112
6570,103
6571,61
6572,64
6573,52
6574,72
6575,77
6576,50
6577,71
6578,120
6579,100
6580,97
6581,163
6582,94
6583,91
6584,64
6585,61
6586,108
6587,128
6588,105
6589,77
6590,74
6591,67
6592,124
6593,93
6594,65
6595,126
6596,78
6597,76
6598,78
6599,60
6600,52
6601,62
6602,87
6603,80
6604,61
6605,63
6606,94
6607,89
6608,107
6609,90
6610,57
6611,66
6612,117
6613,73
6614,75
6615,77
6616,122
6617,56
6618,91
6619,81
6620,107
6621,87
6622,80
6623,69
6624,95
6625,72
6626,100
6627,72
6628,98
6629,66
6630,63
6631,131
6632,81
6633,83
6634,77
6635,65
6636,84
6637,94
6638,130
6639,127
6640,130
6641,124
6642,85
6643,123
6644,86
6645,117
6646,73
6647,66
6648,81
6649,77
6650,66
6651,81
6652,141
6653,89
6654,112
6655,84
6656,124
6657,103
6658,91
6659,51
6660,70
6661,61
6662,92
6663,70
6664,102
6665,93
6666,61
6667,56
6668,164
6669,79
6670,93
6671,75
6672,60
6673,65
6674,103
6675,98
6676,87
6677,109
6678,72
6679,64
6680,140
6681,76
6682,96
6683,81
6684,87
6685,88
6686,74
6687,82
6688,53
6689,98
6690,125
6691,132
6692,64
6693,145
6694,132
6695,66
6696,105
6697,72
6698,89
6699,79
6700,62
6701,211
6702,88
6703,67
6704,74
6705,59
6706,82
6707,62
6708,76
6709,62
6710,89
6711,128
6712,45
6713,148
6714,93
6715,64
6716,37
6717,99
6718,65
6719,73
6720,120
6721,72
6722,72
6723,83
6724,216
6725,56
6726,55
6727,134
6728,168
6729,75
6730,143
6731,66
6732,70
6733,85
6734,49
6735,82
6736,51
6737,64
6738,89
6739,122
6740,130
6741,61
6742,77
6743,71
6744,63
6745,74
6746,55
6747,63
6748,71
6749,58
6750,55
6751,60
6752,51
6753,61
6754,43
6755,157
6756,93
6757,61
6758,59
6759,79
6760,70
6761,61
6762,86
6763,51
6764,68
6765,107
6766,70
6767,88
6768,66
6769,47
6770,85
6771,63
6772,115
6773,73
6774,96
6775,107
6776,47
6777,82
6778,74
6779,136
6780,51
6781,51
6782,134
6783,71
6784,61
6785,65
6786,81
6787,77
6788,70
6789,90
6790,59
6791,58
6792,63
6793,50
6794,72
6795,71
6796,108
6797,77
6798,184
6799,79
6800,67
6801,40
6802,155
6803,85
6804,61
6805,117
6806,70
6807,61
6808,67
6809,82
6810,72
6811,99
6812,81
6813,80
6814,73
6815,85
6816,113
6817,62
6818,55
6819,148
6820,59
6821,90
6822,80
6823,75
6824,106
6825,59
6826,88
6827,89
6828,70
6829,59
6830,69
6831,88
6832,54
6833,48
6834,124
6835,104
6836,69
6837,52
6838,64
6839,59
6840,50
6841,57
6842,120
6843,116
6844,98
6845,62
6846,65
6847,73
6848,94
6849,78
6850,65
6851,96
6852,68
6853,67
6854,53
6855,74
6856,54
6857,70
6858,61
6859,78
6860,80
6861,55
6862,103
6863,95
6864,43
6865,56
6866,209
6867,79
6868,68
6869,84
6870,111
6871,108
6872,106
6873,74
6874,59
6875,48
6876,63
6877,70
6878,114
6879,53
6880,129
6881,74
6882,62
6883,56
6884,62
6885,98
6886,96
6887,114
6888,122
6889,64
6890,67
6891,80
6892,105
6893,79
6894,59
6895,106
6896,51
6897,88
6898,64
6899,57
6900,72
6901,114
6902,79
6903,77
6904,61
6905,76
6906,82
6907,59
6908,55
6909,68
6910,53
6911,53
6912,82
6913,52
6914,140
6915,49
6916,71
6917,71
6918,66
6919,104
6920,94
6921,65
6922,81
6923,53
6924,80
6925,57
6926,39
6927,67
6928,64
6929,48
6930,61
6931,54
6932,129
6933,75
6934,56
6935,75
6936,70
6937,62
6938,65
6939,71
6940,85
6941,103
6942,70
6943,99
6944,88
6945,112
6946,115
6947,69
6948,127
6949,78
6950,82
6951,74
6952,67
6953,66
6954,63
6955,72
6956,84
6957,62
6958,52
6959,101
6960,66
6961,59
6962,67
6963,113
6964,49
6965,104
6966,88
6967,51
6968,84
6969,64
6970,83
6971,67
6972,136
6973,84
6974,58
6975,112
6976,67
6977,105
6978,68
6979,57
6980,110
6981,61
6982,60
6983,110
6984,63
6985,110
6986,82
6987,104
6988,77
6989,50
6990,125
6991,87
6992,73
6993,62
6994,108
6995,66
6996,58
6997,106
6998,99
6999,54
7000,69
7001,112
7002,54
7003,64
7004,70
7005,64
7006,54
7007,108
7008,111
7009,57
7010,112
7011,111
7012,93
7013,128
7014,49
7015,120
7016,149
7017,118
7018,127
7019,105
7020,41
7021,142
7022,61
7023,171
7024,104
7025,69
7026,100
7027,153
7028,78
7029,168
7030,94
7031,105
7032,77
7033,184
7034,109
7035,49
7036,53
7037,96
7038,71
7039,164
7040,50
7041,68
7042,68
7043,64
7044,105
7045,89
7046,72
7047,69
7048,117
7049,66
7050,80
7051,108
7052,78
7053,69
7054,247
7055,124
7056,66
7057,90
7058,111
7059,72
7060,75
7061,73
7062,66
7063,86
7064,193
7065,99
7066,124
7067,69
7068,56
7069,56
7070,86
7071,103
7072,280
7073,64
7074,62
7075,92
7076,91
7077,72
7078,51
7079,120
7080,91
7081,58
7082,50
7083,80
7084,67
7085,102
7086,58
7087,124
7088,117
7089,62
7090,102
7091,66
7092,119
7093,47
7094,73
7095,54
7096,142
7097,81
7098,123
7099,201
7100,123
7101,65
7102,121
7103,88
7104,75
7105,87
7106,68
7107,68
7108,116
7109,109
7110,69
7111,123
7112,117
7113,79
7114,84
7115,118
7116,61
7117,84
7118,103
7119,133
7120,70
7121,54
7122,105
7123,109
7124,122
7125,111
7126,76
7127,86
7128,66
7129,70
7130,153
7131,67
7132,76
7133,73
7134,69
7135,87
7136,67
7137,113
7138,73
7139,114
7140,101
7141,65
7142,87
7143,57
7144,60
7145,69
7146,111
7147,116
7148,103
7149,170
7150,120
7151,57
7152,108
7153,64
7154,106
7155,126
7156,53
7157,78
7158,58
7159,140
7160,66
7161,102
7162,92
7163,74
7164,68
7165,93
7166,191
7167,63
7168,115
7169,61
7170,138
7171,69
7172,82
7173,91
7174,119
7175,82
7176,44
7177,116
7178,46
7179,79
7180,57
7181,48
7182,73
7183,48
7184,53
7185,52
7186,76
7187,78
7188,55
7189,63
7190,78
7191,67
7192,129
7193,65
7194,108
7195,53
7196,67
7197,159
7198,124
7199,180
7200,142
7201,41
7202,52
7203,60
7204,56
7205,126
7206,169
7207,86
7208,66
7209,102
7210,64
7211,218
7212,98
7213,93
7214,82
7215,97
7216,108
7217,69
7218,56
7219,55
7220,82
7221,89
7222,97
7223,53
7224,84
7225,76
7226,150
7227,46
7228,56
7229,119
7230,75
7231,133
7232,75
7233,74
7234,72
7235,104
7236,60
7237,151
7238,127
7239,60
7240,49
7241,81
7242,108
7243,89
7244,192
7245,188
7246,123
7247,111
7248,66
7249,70
7250,64
7251,84
7252,92
7253,154
7254,101
7255,71
7256,74
7257,49
7258,95
7259,50
7260,344
7261,70
7262,109
7263,88
7264,102
7265,70
7266,70
7267,92
7268,58
7269,74
7270,118
7271,92
7272,77
7273,72
7274,184
7275,67
7276,92
7277,129
7278,96
7279,45
7280,122
7281,215
7282,42
7283,152
7284,192
7285,117
7286,86
7287,42
7288,44
7289,48
7290,113
7291,116
7292,70
7293,71
7294,131
7295,73
7296,61
7297,74
7298,120
7299,112
7300,206
7301,67
7302,70
7303,106
7304,45
7305,118
7306,141
7307,81
7308,120
7309,60
7310,69
7311,59
7312,82
7313,68
7314,55
7315,79
7316,71
7317,60
7318,114
7319,60
7320,69
7321,91
7322,72
7323,152
7324,106
7325,64
7326,77
7327,81
7328,72
7329,100
7330,177
7331,60
7332,103
7333,108
7334,61
7335,102
7336,51
7337,135
7338,167
7339,70
7340,107
7341,163
7342,178
7343,70
7344,110
7345,62
7346,54
7347,74
7348,87
7349,62
7350,79
7351,127
7352,48
7353,60
7354,82
7355,50
7356,215
7357,69
7358,52
7359,130
7360,63
7361,156
7362,80
7363,69
7364,98
7365,135
7366,49
7367,50
7368,185
7369,64
7370,119
7371,77
7372,93
7373,107
7374,44
7375,73
7376,69
7377,92
7378,62
7379,70
7380,42
7381,108
7382,45
7383,124
7384,156
7385,141
7386,105
7387,73
7388,149
7389,47
7390,79
7391,86
7392,217
7393,163
7394,47
7395,152
7396,63
7397,122
7398,72
7399,55
7400,126
7401,105
7402,111
7403,43
7404,82
7405,126
7406,111
7407,138
7408,63
7409,117
7410,72
7411,75
7412,91
7413,104
7414,241
7415,100
7416,119
7417,44
7418,100
7419,120
7420,55
7421,59
7422,174
7423,78
7424,72
7425,92
7426,54
7427,106
7428,73
7429,59
7430,96
7431,105
7432,65
7433,64
7434,76
7435,110
7436,85
7437,58
7438,107
7439,94
7440,104
7441,167
7442,70
7443,56
7444,74
7445,69
7446,110
7447,143
7448,72
7449,123
7450,89
7451,72
7452,126
7453,63
7454,69
7455,60
7456,154
7457,79
7458,99
7459,65
7460,77
7461,100
7462,63
7463,78
7464,57
7465,68
7466,126
7467,71
7468,69
7469,77
7470,57
7471,84
7472,55
7473,51
7474,63
7475,56
7476,54
7477,99
7478,92
7479,50
7480,135
7481,74
7482,52
7483,85
7484,82
7485,109
7486,59
7487,58
7488,91
7489,86
7490,137
7491,160
7492,52
7493,191
7494,136
7495,109
7496,252
7497,64
7498,49
7499,98
7500,60
7501,66
7502,56
7503,70
7504,57
7505,78
7506,188
7507,51
7508,45
7509,53
7510,38
7511,57
7512,40
7513,69
7514,61
7515,52
7516,98
7517,44
7518,51
7519,107
7520,136
7521,170
7522,79
7523,77
7524,42
7525,101
7526,57
7527,160
7528,42
7529,102
7530,63
7531,166
7532,157
7533,75
7534,60
7535,95
7536,50
7537,168
7538,49
7539,103
7540,73
7541,67
7542,50
7543,159
7544,59
7545,77
7546,57
7547,54
7548,61
7549,235
7550,48
7551,113
7552,58
7553,58
7554,113
7555,56
7556,57
7557,55
7558,113
7559,73
7560,46
7561,76
7562,112
7563,71
7564,50
7565,54
7566,57
7567,71
7568,70
7569,54
7570,145
7571,48
7572,57
7573,106
7574,85
7575,67
7576,156
7577,120
7578,62
7579,57
7580,82
7581,127
7582,72
7583,63
7584,160
7585,137
7586,119
7587,165
7588,49
7589,44
7590,68
7591,154
7592,67
7593,85
7594,57
7595,43
7596,99
7597,95
7598,48
7599,100
7600,110
7601,54
7602,42
7603,203
7604,50
7605,101
7606,152
7607,54
7608,110
7609,82
7610,68
7611,162
7612,63
7613,60
7614,75
7615,51
7616,67
7617,86
7618,74
7619,131
7620,72
7621,37
7622,50
7623,63
7624,119
7625,72
7626,175
7627,62
7628,77
7629,38
7630,51
7631,116
7632,84
7633,54
7634,57
7635,73
7636,62
7637,75
7638,111
7639,60
7640,314
7641,68
7642,40
7643,86
7644,72
7645,60
7646,85
7647,68
7648,88
7649,79
7650,263
7651,97
7652,166
7653,56
7654,70
7655,95
7656,59
7657,92
7658,56
7659,128
7660,107
7661,185
7662,72
7663,60
7664,110
7665,60
7666,59
7667,70
7668,165
7669,140
7670,55
7671,72
7672,65
7673,57
7674,152
7675,64
7676,56
7677,46
7678,78
7679,71
7680,156
7681,189
7682,135
7683,74
7684,47
7685,110
7686,110
7687,90
7688,95
7689,194
7690,226
7691,141
7692,79
7693,142
7694,187
7695,46
7696,122
7697,52
7698,143
7699,106
7700,48
7701,61
7702,220
7703,61
7704,62
7705,54
7706,86
7707,55
7708,151
7709,50
7710,68
7711,124
7712,47
7713,43
7714,70
7715,62
7716,39
7717,109
7718,56
7719,60
7720,48
7721,61
7722,68
7723,108
7724,80
7725,173
7726,146
7727,223
7728,208
7729,93
7730,49
7731,47
7732,48
7733,102
7734,88
7735,80
7736,74
7737,57
7738,77
7739,116
7740,70
7741,110
7742,206
7743,114
7744,137
7745,148
7746,96
7747,46
7748,78
7749,162
7750,119
7751,100
7752,67
7753,72
7754,74
7755,91
7756,106
7757,55
7758,105
7759,90
7760,52
7761,53
7762,73
7763,61
7764,75
7765,63
7766,71
7767,92
7768,57
7769,239
7770,73
7771,84
7772,152
7773,125
7774,88
7775,40
7776,143
7777,51
7778,71
7779,76
7780,56
7781,147
7782,101
7783,57
7784,110
7785,107
7786,61
7787,56
7788,53
7789,61
7790,77
7791,85
7792,123
7793,124
7794,58
7795,149
7796,143
7797,46
7798,220
7799,74
7800,48
7801,76
7802,70
7803,169
7804,97
7805,55
7806,158
7807,53
7808,177
7809,97
7810,54
7811,90
7812,47
7813,62
7814,72
7815,63
7816,58
7817,44
7818,122
7819,63
7820,66
7821,179
7822,127
7823,56
7824,63
7825,210
7826,60
7827,74
7828,134
7829,133
7830,149
7831,136
7832,73
7833,45
7834,152
7835,110
7836,61
7837,187
7838,65
7839,65
7840,141
7841,70
7842,100
7843,76
7844,47
7845,283
7846,56
7847,46
7848,92
7849,62
7850,63
7851,41
7852,89
7853,64
7854,50
7855,61
7856,43
7857,173
7858,80
7859,90
7860,212
7861,113
7862,110
7863,64
7864,63
7865,52
7866,63
7867,57
7868,58
7869,129
7870,62
7871,58
7872,74
7873,80
7874,89
7875,88
7876,52
7877,115
7878,64
7879,150
7880,101
7881,76
7882,56
7883,135
7884,52
7885,63
7886,160
7887,214
7888,129
7889,126
7890,106
7891,42
7892,239
7893,142
7894,130
7895,306
7896,70
7897,70
7898,45
7899,78
7900,74
7901,48
7902,114
7903,72
7904,86
7905,156
7906,140
7907,91
7908,76
7909,193
7910,69
7911,95
7912,110
7913,72
7914,75
7915,49
7916,109
7917,53
7918,64
7919,306
7920,145
7921,46
7922,96
7923,50
7924,63
7925,68
7926,128
7927,124
7928,102
7929,76
7930,46
7931,65
7932,83
7933,90
7934,56
7935,64
7936,40
7937,104
7938,96
7939,44
7940,57
7941,135
7942,220
7943,49
7944,133
7945,52
7946,148
7947,66
7948,72
7949,127
7950,167
7951,70
7952,129
7953,75
7954,225
7955,95
7956,66
7957,112
7958,87
7959,45
7960,169
7961,54
7962,37
7963,144
7964,295
7965,71
7966,154
7967,78
7968,57
7969,91
7970,84
7971,140
7972,62
7973,101
7974,341
7975,132
7976,86
7977,51
7978,59
7979,102
7980,53
7981,95
7982,192
7983,84
7984,49
7985,93
7986,51
7987,125
7988,45
7989,48
7990,75
7991,46
7992,66
7993,50
7994,90
7995,153
7996,91
7997,70
7998,131
7999,49
8000,48
8001,56
8002,64
8003,87
8004,184
8005,122
8006,133
8007,72
8008,60
8009,61
8010,197
8011,254
8012,68
8013,116
8014,86
8015,78
8016,164
8017,107
8018,67
8019,58
8020,124
8021,87
8022,174
8023,161
8024,86
8025,56
8026,100
8027,104
8028,132
8029,103
8030,79
8031,117
8032,200
8033,120
8034,91
8035,69
8036,71
8037,149
8038,149
8039,56
8040,164
8041,96
8042,104
8043,163
8044,45
8045,50
8046,122
8047,177
8048,75
8049,220
8050,185
8051,117
8052,118
8053,49
8054,53
8055,73
8056,266
8057,58
8058,46
8059,255
8060,119
8061,74
8062,101
8063,49
8064,74
8065,105
8066,51
8067,78
8068,51
8069,69
8070,98
8071,134
8072,42
8073,79
8074,203
8075,136
8076,82
8077,52
8078,75
8079,51
8080,148
8081,58
8082,48
8083,199
8084,115
8085,50
8086,228
8087,74
8088,77
8089,110
8090,128
8091,145
8092,216
8093,205
8094,47
8095,124
8096,81
8097,51
8098,117
8099,69
8100,48
8101,128
8102,55
8103,114
8104,127
8105,127
8106,64
8107,345
8108,170
8109,110
8110,39
8111,289
8112,105
8113,56
8114,100
8115,43
8116,65
8117,199
8118,50
8119,135
8120,118
8121,59
8122,61
8123,438
8124,132
8125,106
8126,54
8127,160
8128,165
8129,153
8130,84
8131,87
8132,75
8133,228
8134,66
8135,200
8136,105
8137,324
8138,40
8139,105
8140,141
8141,313
8142,146
8143,292
8144,67
8145,63
8146,60
8147,455
8148,265
8149,312
8150,162
8151,83
8152,333
8153,161
8154,74
8155,245
8156,76
8157,169
8158,195
8159,477
8160,50
8161,43
8162,88
8163,78
8164,302
8165,119
8166,223
8167,215
8168,157
8169,53
8170,74
8171,207
8172,276
8173,417
8174,103
8175,107
8176,83
8177,108
8178,229
8179,72
8180,80
8181,55
8182,204
8183,92
8184,77
8185,83
8186,246
8187,97
8188,142
8189,179
8190,97
8191,141
8192,335
8193,43
8194,49
8195,42
8196,72
8197,106
8198,140
8199,58
8200,46
8201,139
8202,98
8203,84
8204,51
8205,64
8206,208
8207,76
8208,70
8209,75
8210,222
8211,76
8212,123
8213,66
8214,327
8215,45
8216,110
8217,77
8218,71
8219,37
8220,45
8221,52
8222,167
8223,119
8224,66
8225,123
8226,185
8227,120
8228,109
8229,34
8230,44
8231,86
8232,68
8233,65
8234,160
8235,81
8236,101
8237,65
8238,76
8239,84
8240,78
8241,52
8242,91
8243,120
8244,77
8245,49
8246,50
8247,93
8248,195
8249,94
8250,380
8251,58
8252,156
8253,182
8254,63
8255,69
8256,121
8257,80
8258,68
8259,59
8260,51
8261,55
8262,59
8263,354
8264,71
8265,138
8266,126
8267,104
8268,126
8269,266
8270,67
8271,122
8272,194
8273,153
8274,70
8275,94
8276,214
8277,142
8278,105
8279,178
8280,48
8281,55
8282,55
8283,116
8284,558
8285,107
8286,76
8287,176
8288,52
8289,85
8290,46
8291,67
8292,85
8293,545
8294,59
8295,136
8296,139
8297,110
8298,98
8299,163
8300,111
8301,183
8302,116
8303,185
8304,226
8305,208
8306,135
8307,56
8308,507
8309,67
8310,113
8311,72
8312,88
8313,94
8314,115
8315,123
8316,58
8317,88
8318,79
8319,52
8320,65
8321,59
8322,110
8323,120
8324,60
8325,83
8326,111
8327,69
8328,75
8329,45
8330,135
8331,93
8332,70
8333,108
8334,56
8335,88
8336,51
8337,63
8338,91
8339,48
8340,339
8341,224
8342,40
8343,188
8344,164
8345,84
8346,68
8347,485
8348,259
8349,79
8350,105
8351,154
8352,52
8353,191
8354,66
8355,175
8356,78
8357,223
8358,89
8359,151
8360,286
8361,103
8362,53
8363,60
8364,168
8365,65
8366,72
8367,169
8368,130
8369,248
8370,84
8371,262
8372,379
8373,178
8374,91
8375,79
8376,213
8377,60
8378,52
8379,74
8380,154
8381,122
8382,260
8383,80
8384,78
8385,192
8386,108
8387,48
8388,138
8389,100
8390,153
8391,45
8392,251
8393,123
8394,53
8395,198
8396,43
8397,55
8398,77
8399,150
8400,69
8401,304
8402,47
8403,115
8404,115
8405,60
8406,41
8407,39
8408,91
8409,56
8410,73
8411,328
8412,128
8413,223
8414,73
8415,150
8416,100
8417,74
8418,107
8419,140
8420,69
8421,94
8422,295
8423,69
8424,499
8425,476
8426,126
8427,211
8428,225
8429,70
8430,94
8431,155
8432,88
8433,143
8434,51
8435,235
8436,211
8437,71
8438,70
8439,215
8440,156
8441,70
8442,53
8443,232
8444,120
8445,230
8446,103
8447,255
8448,200
8449,54
8450,100
8451,284
8452,51
8453,503
8454,71
8455,82
8456,222
8457,274
8458,53
8459,69
8460,111
8461,60
8462,56
8463,353
8464,57
8465,514
8466,172
8467,85
8468,318
8469,82
8470,53
8471,396
8472,184
8473,232
8474,228
8475,67
8476,300
8477,77
8478,152
8479,243
8480,65
8481,207
8482,203
8483,160
8484,147
8485,144
8486,80
8487,168
8488,161
8489,57
8490,177
8491,75
8492,105
8493,52
8494,48
8495,84
8496,70
8497,191
8498,99
8499,82
8500,283
8501,95
8502,298
8503,62
8504,49
8505,78
8506,58
8507,76
8508,55
8509,42
8510,65
8511,51
8512,74
8513,79
8514,258
8515,159
8516,52
8517,43
8518,75
8519,58
8520,39
8521,43
8522,75
8523,70
8524,49
8525,162
8526,48
8527,134
8528,99
8529,70
8530,91
8531,69
8532,112
8533,47
8534,58
8535,40
8536,80
8537,49
8538,37
8539,48
8540,225
8541,71
8542,53
8543,56
8544,61
8545,120
8546,66
8547,109
8548,64
8549,178
8550,92
8551,214
8552,180
8553,171
8554,62
8555,105
8556,111
8557,146
8558,65
8559,62
8560,232
8561,46
8562,166
8563,78
8564,69
8565,50
8566,86
8567,137
8568,53
8569,53
8570,139
8571,210
8572,84
8573,87
8574,184
8575,96
8576,92
8577,190
8578,83
8579,86
8580,54
8581,141
8582,92
8583,122
8584,79
8585,119
8586,192
8587,408
8588,124
8589,265
8590,57
8591,145
8592,74
8593,65
8594,67
8595,118
8596,171
8597,65
8598,64
8599,69
8600,59
8601,121
8602,67
8603,116
8604,59
8605,68
8606,80
8607,68
8608,86
8609,172
8610,254
8611,59
8612,59
8613,127
8614,98
8615,73
8616,98
8617,271
8618,51
8619,60
8620,142
8621,112
8622,136
8623,65
8624,92
8625,167
8626,168
8627,49
8628,177
8629,43
8630,190
8631,58
8632,119
8633,62
8634,109
8635,89
8636,46
8637,70
8638,132
8639,76
8640,158
8641,51
8642,137
8643,215
8644,117
8645,74
8646,103
8647,67
8648,78
8649,62
8650,63
8651,47
8652,80
8653,75
8654,179
8655,204
8656,101
8657,57
8658,112
8659,66
8660,48
8661,87
8662,67
8663,216
8664,74
8665,67
8666,60
8667,52
8668,199
8669,257
8670,48
8671,61
8672,43
8673,54
8674,40
8675,57
8676,87
8677,162
8678,227
8679,70
8680,62
8681,314
8682,95
8683,139
8684,45
8685,77
8686,43
8687,77
8688,64
8689,62
8690,95
8691,99
8692,61
8693,255
8694,198
8695,111
8696,72
8697,67
8698,126
8699,169
8700,37
8701,53
8702,139
8703,95
8704,97
8705,166
8706,135
8707,206
8708,60
8709,62
8710,51
8711,222
8712,228
8713,151
8714,146
8715,186
8716,163
8717,251
8718,50
8719,147
8720,314
8721,135
8722,183
8723,56
8724,542
8725,221
8726,333
8727,208
8728,45
8729,257
8730,83
8731,194
8732,313
8733,259
8734,231
8735,119
8736,137
8737,131
8738,96
8739,96
8740,47
8741,65
8742,59
8743,153
8744,188
8745,97
8746,91
8747,183
8748,270
8749,93
8750,104
8751,197
8752,105
8753,68
8754,106
8755,188
8756,195
8757,375
8758,80
8759,72
8760,93
8761,99
8762,62
8763,100
8764,324
8765,191
8766,126
8767,97
8768,236
8769,170
8770,407
8771,128
8772,229
8773,204
8774,75
8775,115
8776,55
8777,145
8778,155
8779,191
8780,106
8781,162
8782,105
8783,58
8784,191
8785,142
8786,57
8787,313
8788,432
8789,232
8790,181
8791,62
8792,190
8793,121
8794,137
8795,266
8796,122
8797,83
8798,50
8799,515
8800,55
8801,57
8802,173
8803,127
8804,74
8805,83
8806,70
8807,62
8808,79
8809,95
8810,444
8811,186
8812,120
8813,320
8814,76
8815,110
8816,173
8817,102
8818,209
8819,181
8820,101
8821,69
8822,96
8823,106
8824,201
8825,190
8826,43
8827,327
8828,93
8829,210
8830,215
8831,388
8832,298
8833,334
8834,238
8835,416
8836,94
8837,79
8838,176
8839,55
8840,130
8841,61
8842,291
8843,140
8844,121
8845,57
8846,367
8847,90
8848,46
8849,141
8850,282
8851,132
8852,65
8853,200
8854,162
8855,190
8856,119
8857,150
8858,437
8859,198
8860,273
8861,53
8862,96
8863,181
8864,144
8865,56
8866,238
8867,119
8868,128
8869,137
8870,269
8871,119
8872,57
8873,283
8874,146
8875,55
8876,74
8877,79
8878,119
8879,60
8880,58
8881,61
8882,157
8883,106
8884,298
8885,121
8886,63
8887,90
8888,81
8889,187
8890,163
8891,324
8892,302
8893,242
8894,112
8895,65
8896,68
8897,61
8898,306
8899,107
8900,58
8901,49
8902,114
8903,128
8904,70
8905,49
8906,55
8907,65
8908,52
8909,63
8910,372
8911,55
8912,120
8913,258
8914,99
8915,107
8916,166
8917,90
8918,162
8919,55
8920,209
8921,81
8922,67
8923,62
8924,198
8925,80
8926,64
8927,372
8928,182
8929,100
8930,157
8931,53
8932,233
8933,78
8934,51
8935,61
8936,161
8937,62
8938,253
8939,117
8940,121
8941,305
8942,185
8943,85
8944,56
8945,159
8946,174
8947,230
8948,52
8949,91
8950,157
8951,96
8952,77
8953,185
8954,377
8955,216
8956,270
8957,56
8958,204
8959,133
8960,63
8961,47
8962,119
8963,89
8964,170
8965,58
8966,147
8967,68
8968,59
8969,55
8970,171
8971,412
8972,39
8973,298
8974,134
8975,753
8976,80
8977,53
8978,144
8979,254
8980,54
8981,71
8982,43
8983,52
8984,84
8985,88
8986,81
8987,99
8988,136
8989,96
8990,42
8991,62
8992,61
8993,86
8994,77
8995,59
8996,138
8997,143
8998,59
8999,114
9000,122
9001,37
9002,138
9003,400
9004,394
9005,50
9006,66
9007,103
9008,200
9009,282
9010,62
9011,545
9012,82
9013,417
9014,244
9015,54
9016,105
9017,164
9018,271
9019,71
9020,174
9021,153
9022,71
9023,172
9024,90
9025,68
9026,96
9027,133
9028,206
9029,77
9030,170
9031,72
9032,70
9033,133
9034,51
9035,303
9036,82
9037,65
9038,89
9039,51
9040,69
9041,399
9042,308
9043,98
9044,107
9045,72
9046,43
9047,120
9048,65
9049,127
9050,60
9051,163
9052,155
9053,76
9054,93
9055,180
9056,44
9057,337
9058,153
9059,130
9060,161
9061,128
9062,83
9063,74
9064,195
9065,49
9066,176
9067,563
9068,165
9069,184
9070,50
9071,191
9072,195
9073,147
9074,176
9075,53
9076,152
9077,124
9078,190
9079,63
9080,39
9081,163
9082,74
9083,55
9084,92
9085,48
9086,122
9087,173
9088,55
9089,94
9090,70
9091,61
9092,50
9093,63
9094,62
9095,60
9096,383
9097,203
9098,45
9099,399
9100,268
9101,75
9102,289
9103,64
9104,156
9105,201
9106,263
9107,59
9108,139
9109,66
9110,91
9111,114
9112,70
9113,124
9114,76
9115,80
9116,160
9117,85
9118,742
9119,567
9120,286
9121,144
9122,126
9123,43
9124,274
9125,72
9126,55
9127,125
9128,79
9129,149
9130,120
9131,132
9132,68
9133,63
9134,149
9135,56
9136,112
9137,58
9138,78
9139,259
9140,104
9141,160
9142,135
9143,99
9144,45
9145,59
9146,133
9147,126
9148,103
9149,74
9150,47
9151,42
9152,112
9153,114
9154,108
9155,49
9156,47
9157,62
9158,264
9159,151
9160,181
9161,72
9162,49
9163,174
9164,122
9165,128
9166,182
9167,110
9168,68
9169,72
9170,126
9171,525
9172,115
9173,315
9174,117
9175,76
9176,107
9177,278
9178,127
9179,60
9180,81
9181,45
9182,98
9183,60
9184,60
9185,59
9186,47
9187,74
9188,68
9189,170
9190,64
9191,78
9192,59
9193,70
9194,296
9195,350
9196,110
9197,68
9198,118
9199,70
9200,97
9201,473
9202,188
9203,156
9204,50
9205,128
9206,146
9207,67
9208,224
9209,253
9210,247
9211,67
9212,176
9213,63
9214,192
9215,302
9216,156
9217,74
9218,200
9219,72
9220,87
9221,131
9222,135
9223,49
9224,541
9225,75
9226,95
9227,116
9228,203
9229,62
9230,209
9231,137
9232,178
9233,43
9234,168
9235,207
9236,78
9237,69
9238,309
9239,186
9240,67
9241,221
9242,117
9243,244
9244,105
9245,88
9246,489
9247,206
9248,277
9249,159
9250,68
9251,112
9252,59
9253,97
9254,80
9255,184
9256,413
9257,64
9258,182
9259,171
9260,56
9261,76
9262,160
9263,83
9264,286
9265,165
9266,431
9267,251
9268,411
9269,183
9270,67
9271,174
9272,202
9273,240
9274,165
9275,275
9276,150
9277,229
9278,90
9279,125
9280,324
9281,295
9282,239
9283,209
9284,315
9285,41
9286,96
9287,264
9288,148
9289,175
9290,112
9291,153
9292,109
9293,195
9294,53
9295,59
9296,152
9297,164
9298,75
9299,245
9300,103
9301,49
9302,176
9303,119
9304,127
9305,501
9306,243
9307,186
9308,117
9309,177
9310,76
9311,223
9312,202
9313,181
9314,62
9315,267
9316,242
9317,238
9318,149
9319,47
9320,204
9321,968
9322,69
9323,45
9324,208
9325,65
9326,147
9327,112
9328,147
9329,63
9330,543
9331,191
9332,116
9333,166
9334,60
9335,224
9336,52
9337,268
9338,669
9339,95
9340,396
9341,265
9342,263
9343,151
9344,207
9345,167
9346,148
9347,193
9348,56
9349,51
9350,92
9351,124
9352,107
9353,186
9354,65
9355,94
9356,228
9357,99
9358,130
9359,194
9360,42
9361,321
9362,165
9363,77
9364,74
9365,105
9366,203
9367,68
9368,51
9369,376
9370,72
9371,100
9372,172
9373,113
9374,62
9375,62
9376,79
9377,558
9378,38
9379,65
9380,117
9381,165
9382,50
9383,129
9384,252
9385,385
9386,288
9387,63
9388,104
9389,264
9390,52
9391,59
9392,52
9393,172
9394,102
9395,255
9396,200
9397,82
9398,61
9399,120
9400,56
9401,77
9402,62
9403,77
9404,81
9405,65
9406,100
9407,47
9408,150
9409,67
9410,150
9411,56
9412,45
9413,46
9414,45
9415,98
9416,82
9417,54
9418,180
9419,98
9420,171
9421,177
9422,65
9423,119
9424,424
9425,67
9426,58
9427,109
9428,45
9429,116
9430,55
9431,70
9432,168
9433,145
9434,102
9435,111
9436,328
9437,46
9438,131
9439,40
9440,59
9441,62
9442,120
9443,76
9444,132
9445,64
9446,70
9447,151
9448,90
9449,52
9450,195
9451,60
9452,45
9453,118
9454,78
9455,61
9456,50
9457,190
9458,75
9459,49
9460,60
9461,55
9462,66
9463,239
9464,53
9465,45
9466,88
9467,180
9468,435
9469,50
9470,103
9471,81
9472,57
9473,218
9474,56
9475,45
9476,223
9477,129
9478,169
9479,99
9480,51
9481,64
9482,54
9483,65
9484,73
9485,67
9486,189
9487,51
9488,102
9489,51
9490,90
9491,61
9492,63
9493,88
9494,106
9495,166
9496,118
9497,46
9498,259
9499,60
9500,79
9501,202
9502,199
9503,322
9504,219
9505,258
9506,90
9507,93
9508,354
9509,57
9510,120
9511,52
9512,128
9513,117
9514,133
9515,121
9516,59
9517,57
9518,55
9519,77
9520,193
9521,76
9522,145
9523,129
9524,78
9525,155
9526,154
9527,57
9528,211
9529,148
9530,137
9531,51
9532,61
9533,78
9534,101
9535,111
9536,54
9537,230
9538,141
9539,156
9540,58
9541,105
9542,147
9543,123
9544,55
9545,55
9546,44
9547,54
9548,78
9549,39
9550,177
9551,269
9552,82
9553,257
9554,44
9555,183
9556,127
9557,61
9558,252
9559,80
9560,42
9561,395
9562,165
9563,56
9564,84
9565,51
9566,268
9567,46
9568,99
9569,265
9570,69
9571,59
9572,73
9573,77
9574,172
9575,174
9576,69
9577,55
9578,244
9579,103
9580,158
9581,46
9582,48
9583,160
9584,108
9585,127
9586,355
9587,187
9588,68
9589,277
9590,127
9591,79
9592,207
9593,61
9594,75
9595,53
9596,173
9597,214
9598,50
9599,175
9600,91
9601,327
9602,207
9603,48
9604,56
9605,119
9606,140
9607,72
9608,119
9609,48
9610,88
9611,76
9612,306
9613,204
9614,183
9615,150
9616,126
9617,384
9618,86
9619,138
9620,168
9621,154
9622,164
9623,61
9624,44
9625,125
9626,172
9627,194
9628,43
9629,61
9630,325
9631,288
9632,44
9633,86
9634,86
9635,89
9636,51
9637,77
9638,66
9639,57
9640,113
9641,51
9642,53
9643,66
9644,459
9645,69
9646,91
9647,109
9648,143
9649,81
9650,65
9651,145
9652,96
9653,139
9654,48
9655,116
9656,53
9657,108
9658,48
9659,50
9660,128
9661,112
9662,146
9663,135
9664,99
9665,93
9666,126
9667,142
9668,214
9669,154
9670,147
9671,167
9672,356
9673,199
9674,48
9675,108
9676,258
9677,73
9678,151
9679,203
9680,187
9681,81
9682,71
9683,56
9684,181
9685,94
9686,88
9687,107
9688,48
9689,54
9690,227
9691,106
9692,145
9693,171
9694,137
9695,44
9696,63
9697,42
9698,71
9699,71
9700,244
9701,72
9702,293
9703,272
9704,56
9705,52
9706,99
9707,53
9708,58
9709,42
9710,163
9711,79
9712,52
9713,125
9714,102
9715,48
9716,134
9717,82
9718,55
9719,306
9720,116
9721,209
9722,102
9723,60
9724,209
9725,112
9726,50
9727,52
9728,71
9729,53
9730,138
9731,116
9732,184
9733,75
9734,74
9735,65
9736,76
9737,154
9738,180
9739,305
9740,188
9741,68
9742,156
9743,171
9744,75
9745,71
9746,142
9747,42
9748,74
9749,142
9750,44
9751,130
9752,62
9753,79
9754,47
9755,46
9756,233
9757,67
9758,167
9759,50
9760,90
9761,98
9762,47
9763,98
9764,75
9765,54
9766,78
9767,55
9768,57
9769,44
9770,50
9771,56
9772,59
9773,51
9774,86
9775,78
9776,56
9777,63
9778,48
9779,68
9780,62
9781,47
9782,81
9783,62
9784,151
9785,73
9786,49
9787,55
9788,94
9789,205
9790,77
9791,54
9792,70
9793,96
9794,132
9795,63
9796,145
9797,113
9798,104
9799,113
9800,49
9801,63
9802,162
9803,62
9804,99
9805,56
9806,54
9807,77
9808,41
9809,105
9810,118
9811,100
9812,69
9813,104
9814,197
9815,65
9816,72
9817,118
9818,56
9819,167
9820,154
9821,62
9822,181
9823,228
9824,98
9825,51
9826,103
9827,219
9828,146
9829,55
9830,65
9831,63
9832,131
9833,227
9834,55
9835,63
9836,81
9837,65
9838,83
9839,169
9840,80
9841,42
9842,60
9843,100
9844,83
9845,103
9846,54
9847,160
9848,78
9849,106
9850,96
9851,130
9852,48
9853,60
9854,132
9855,159
9856,50
9857,62
9858,49
9859,158
9860,92
9861,129
9862,195
9863,658
9864,141
9865,79
9866,71
9867,87
9868,211
9869,131
9870,132
9871,159
9872,117
9873,65
9874,77
9875,132
9876,59
9877,78
9878,76
9879,54
9880,50
9881,144
9882,50
9883,124
9884,120
9885,61
9886,460
9887,76
9888,52
9889,65
9890,68
9891,160
9892,54
9893,49
9894,58
9895,94
9896,102
9897,47
9898,83
9899,87
9900,92
9901,142
9902,104
9903,74
9904,130
9905,106
9906,198
9907,56
9908,151
9909,115
9910,69
9911,119
9912,158
9913,102
9914,118
9915,125
9916,69
9917,148
9918,58
9919,77
9920,68
9921,56
9922,58
9923,124
9924,93
9925,65
9926,39
9927,60
9928,66
9929,146
9930,155
9931,91
9932,111
9933,133
9934,91
9935,71
9936,152
9937,170
9938,363
9939,58
9940,141
9941,52
9942,66
9943,74
9944,131
9945,153
9946,190
9947,180
9948,70
9949,152
9950,70
9951,157
9952,75
9953,66
9954,130
9955,93
9956,83
9957,88
9958,542
9959,113
9960,103
9961,87
9962,58
9963,188
9964,179
9965,131
9966,199
9967,131
9968,110
9969,173
9970,80
9971,55
9972,74
9973,46
9974,200
9975,63
9976,75
9977,47
9978,41
9979,78
9980,139
9981,49
9982,105
9983,141
9984,83
9985,219
9986,119
9987,74
9988,42
9989,84
9990,63
9991,146
9992,71
9993,82
9994,82
9995,95
9996,175
9997,145
9998,159
9999,55
